"","Replicate","Day","Well_Num","Culture","Hgui_Alive_Num","Hgui_Dead_Num","Scer_Alive_Num","Scer_Dead_Num","Total_Cells","Hgui_totalprop","Scer_totalprop","norm_Hgui_totalprop"
"1","3",8,"C3",NA,2385,16422,9933,1260,30000,0.6269,0.3731,0.597262732779897
"2","1",7,"A3","3911",9981,17898,928,1193,30000,0.9293,0.0707,0.932095455113493
"3","1",7,"D6","3911",16185,11195,1661,959,30000,0.912666666666667,0.0873333333333333,0.914046030141564
"4","1",6,"C5","3905",15633,12379,1265,723,30000,0.933733333333333,0.0662666666666667,0.939332011163748
"5","2",6,"C1","3911",2634,23622,1518,2226,30000,0.8752,0.1248,0.8692000146719
"6","2",7,"C3","3824",8593,10206,9092,2109,30000,0.626633333333333,0.373366666666667,0.593574800826202
"7","3",5,"A3","3973",2038,15085,7035,5842,30000,0.570766666666667,0.429233333333333,0.537454677302393
"8","1",5,"F6","3920",6907,20384,1024,1477,30000,0.9097,0.0833666666666667,0.916163484695124
"9","1",5,"D2","3852",8662,16053,3285,1733,30000,0.823833333333333,0.167266666666667,0.826253882936023
"10","1",5,"E5","3852",13667,13914,1456,866,30000,0.919366666666667,0.0774,0.926285295452166
"11","1",5,"A6","3984",18599,10107,723,451,30000,0.956866666666667,0.0391333333333333,0.965550940630344
"12","1",5,"C3","3920",9457,14807,4135,1438,30000,0.8088,0.185766666666667,0.810512722069038
"13","2",7,"A6","3852",1814,14569,13064,548,30000,0.5461,0.453733333333333,0.504462968427265
"14","2",5,"A6","3852",3287,19817,6279,595,30000,0.770133333333333,0.229133333333333,0.757508102268635
"15","1",6,"A6","3984",13393,8974,6741,725,30000,0.745566666666667,0.248866666666667,0.721085007417478
"16","2",6,"A6","3852",2458,16576,10793,161,30000,0.634466666666667,0.365133333333333,0.604298866595752
"17","1",7,"A6","3984",8460,12472,7993,876,30000,0.697733333333333,0.295633333333333,0.680814182007302
"18","1",8,"A6","3984",1576,2302,24219,804,30000,0.129266666666667,0.8341,0.064637258476121
"19","2",9,"A6","3852",565,3618,25396,240,30000,0.139433333333333,0.854533333333333,0.0278535698044566
"20","2",8,"A6","3852",856,4979,23560,312,30000,0.1945,0.795733333333333,0.100410376115357
"21","1",9,"A6","3984",1671,1606,23406,646,30000,0.109233333333333,0.801733333333333,0.0468907000111645
"22","3",5,"B2","3920",4758,15501,8912,774,30000,0.6753,0.322866666666667,0.651160261058738
"23","3",6,"B2","3920",3292,24254,1938,492,30000,0.9182,0.081,0.913625127235713
"24","3",8,"B2","3920",640,3687,24738,813,30000,0.144233333333333,0.8517,0.0557923865081146
"25","3",7,"B2","3920",1808,7521,19646,976,30000,0.310966666666667,0.6874,0.222504840362932
"26","2",5,"B4","3920",4547,9791,12852,4644,31884,0.449692635804792,0.548739179525781,0.411335220530924
"27","2",7,"B4","3920",3481,5419,19478,1521,30000,0.296666666666667,0.699966666666667,0.228459722632045
"28","2",9,"B4","3920",2503,3925,22149,1284,30000,0.214266666666667,0.7811,0.112930119751402
"29","3",6,"B6","3920",12963,14631,1884,461,30000,0.9198,0.0781666666666667,0.915370074160244
"30","3",8,"B6","3920",1477,1790,26047,615,30000,0.1089,0.888733333333333,0.0161543639219206
"31","3",7,"B6","3920",8805,13087,7041,840,30000,0.729733333333333,0.2627,0.699441934626628
"32","1",6,"C3","3920",5523,12263,10805,1289,30000,0.592866666666667,0.403133333333333,0.54397437426218
"33","1",7,"C3","3920",6285,16101,6170,1301,30000,0.7462,0.249033333333333,0.733407095652962
"34","3",6,"C3","3984",3337,24501,1566,484,30000,0.927933333333333,0.0683333333333333,0.924240221026611
"35","1",8,"C3","3920",612,1950,26122,1167,30000,0.0854,0.909633333333333,0.0166605905942399
"36","3",7,"C3","3984",3381,21502,3963,1096,30000,0.829433333333333,0.168633333333333,0.812991154474014
"37","1",9,"C3","3920",275,1164,27755,598,30000,0.0479666666666667,0.9451,-0.0215101782590897
"38","2",5,"C5","3984",14420,13230,1389,832,30000,0.921666666666667,0.0740333333333333,0.921209938782859
"39","3",5,"C5","3852",2162,11892,15554,330,30000,0.468466666666667,0.529466666666667,0.426178390137781
"40","3",6,"C5","3852",2360,24560,2865,201,30000,0.897333333333333,0.1022,0.890868111094954
"41","2",9,"C5","3984",2214,2884,21080,1284,30000,0.169933333333333,0.745466666666667,0.0625284220100045
"42","3",8,"C5","3852",1157,7922,20263,547,30000,0.302633333333333,0.693666666666667,0.233490389649241
"43","2",8,"C5","3984",3902,5400,17612,1327,30000,0.310066666666667,0.6313,0.230940100146832
"44","3",7,"C5","3852",1176,7839,20406,414,30000,0.3005,0.694,0.210584260278653
"45","1",6,"D2","3852",3623,9903,15252,1125,30000,0.450866666666667,0.5459,0.379274243888556
"46","1",7,"D2","3852",2809,18201,7753,1158,30000,0.700333333333333,0.297033333333333,0.683635535008926
"47","1",8,"D2","3852",308,1620,27575,415,30000,0.0642666666666667,0.933,-0.0064527889172439
"48","2",6,"E1","3920",4568,19613,5239,538,30000,0.806033333333333,0.192566666666667,0.793089535267579
"49","2",7,"E1","3920",3381,11320,14534,701,30000,0.490033333333333,0.507833333333333,0.442424018884627
"50","2",5,"E1","3920",4750,18078,6218,914,30000,0.760933333333333,0.237733333333333,0.747569319409435
"51","2",9,"E1","3920",910,3174,25374,400,30000,0.136133333333333,0.859133333333333,0.0241018644838563
"52","2",8,"E1","3920",1042,4544,23530,830,30000,0.1862,0.812,0.0910357290764655
"53","1",6,"E5","3852",12974,11621,4919,446,30000,0.819833333333333,0.178833333333333,0.807223948842932
"54","1",7,"E5","3852",12736,12269,4313,489,30000,0.8335,0.160066666666667,0.828139448361342
"55","1",8,"E5","3852",1711,1921,25882,295,30000,0.121066666666667,0.872566666666667,0.0556689755741888
"56","1",9,"E5","3852",821,933,28072,140,30000,0.0584666666666667,0.9404,-0.00978750325629862
"57","3",5,"F6","3984",3053,25305,1396,214,30000,0.945266666666667,0.0536666666666667,0.944815083393764
"58","1",7,"F6","3920",4666,10518,12257,2293,30000,0.506133333333333,0.485,0.472902168503
"59","3",6,"F6","3984",2551,26503,654,270,30000,0.968466666666667,0.0308,0.96844554311473
"60","1",8,"F6","3920",540,1677,26858,732,30000,0.0739,0.919666666666667,0.00408312067079839
"61","3",8,"F6","3984",862,5665,21036,794,30000,0.217566666666667,0.727666666666667,0.138059980554932
"62","3",7,"F6","3984",2209,22480,4024,1018,30000,0.822966666666667,0.168066666666667,0.805626210090733
"63","1",9,"F6","3920",962,2187,26037,548,30000,0.104966666666667,0.886166666666667,0.0421272003274906
"64","1",5,"G3","3984",19950,7751,84,885,30000,0.923366666666667,0.0323,0.930473630937838
"65","1",6,"G3","3984",14402,9949,5040,516,30000,0.8117,0.1852,0.797790420248762
"66","1",7,"G3","3984",13047,12785,2949,1016,30000,0.861066666666667,0.132166666666667,0.858053024417024
"67","1",8,"G3","3984",5127,4424,18483,721,30000,0.318366666666667,0.640133333333333,0.271454611738972
"68","1",9,"G3","3984",429,224,26240,165,30000,0.0217666666666667,0.880166666666667,-0.0507610435041495
"69","2",5,"H2","3984",2724,26131,742,318,30000,0.961833333333333,0.0353333333333333,0.964602088584804
"70","2",6,"H2","3984",3133,19883,5370,753,30000,0.7672,0.2041,0.750357627553828
"71","3",5,"H2","3852",11123,8081,9199,1554,30000,0.640133333333333,0.358433333333333,0.612907904278463
"72","2",7,"H2","3984",2786,20044,5118,783,30000,0.761,0.1967,0.742254352316318
"73","3",6,"H2","3852",18228,7490,3555,674,30000,0.857266666666667,0.140966666666667,0.847171731859823
"74","3",8,"H2","3852",3971,2885,22313,576,30000,0.228533333333333,0.762966666666667,0.150362725301025
"75","2",8,"H2","3984",1445,8500,14206,1204,30000,0.3315,0.513666666666667,0.255148526034411
"76","3",7,"H2","3852",11212,6770,11282,588,30000,0.5994,0.395666666666667,0.551004138035762
"77","2",5,"H4","3852",19197,7783,2508,408,30000,0.899333333333333,0.0972,0.897083183291322
"78","2",6,"H4","3852",9302,4814,14913,801,30000,0.470533333333333,0.5238,0.423907860470234
"79","2",7,"H4","3852",7922,4329,16850,660,30000,0.408366666666667,0.583666666666667,0.352058129241664
"80","2",9,"H4","3852",4069,2598,22596,489,30000,0.222233333333333,0.7695,0.121987266939518
"81","1",5,"A1","3324a",301,741,19970,8988,30000,0.0347333333333333,0.965266666666667,0
"82","1",5,"D4","3324a",3123,8725,10428,7724,30000,0.394933333333333,0.605066666666667,0.3771596104848
"83","1",5,"F2","3850",151738,114344,373,6953,273408,0.973204880617977,0.0267951193820225,0.98265842094654
"84","1",5,"G5","3850",9895,19798,19,288,30000,0.989766666666667,0.0102333333333333,1
"85","2",5,"D2","3324a",1723,2822,14573,10882,30000,0.1515,0.8485,0.0891969751530428
"86","2",5,"G3","3850",14625,14452,305,618,30000,0.969233333333333,0.0307666666666667,0.972596326971552
"87","2",5,"G5","3324a",803,1265,17385,10547,30000,0.0689333333333333,0.931066666666667,0
"88","2",5,"H1","3850",15361,14477,5,157,30000,0.9946,0.0054,1
"89","3",5,"A5","3850",3900,25891,107,102,30000,0.993033333333333,0.00696666666666667,0.996773023930384
"90","3",5,"G1","3850",19211,10669,62,58,30000,0.996,0.004,1
"91","3",5,"G3","3324a",843,1457,19719,7981,30000,0.0766666666666667,0.923333333333333,0
"92","3",5,"H1","3324a",1421,1593,16400,10586,30000,0.100466666666667,0.899533333333333,0.0258883248730965
"93","1",6,"A1","3324a",1077,2639,14645,11639,30000,0.123866666666667,0.876133333333333,0
"94","1",6,"D4","3324a",1988,2299,15901,9812,30000,0.1429,0.8571,0.0220760033904552
"95","1",6,"F2","3850",45471,54543,143,1273,101430,0.986039633244602,0.0139603667553978,1
"96","1",6,"G5","3850",10734,17965,236,1065,30000,0.956633333333333,0.0433666666666667,0.965892806836677
"97","2",6,"D2","3324a",927,1632,14515,12926,30000,0.0853,0.9147,0
"98","2",6,"G3","3850",13616,16175,44,165,30000,0.993033333333333,0.00696666666666667,0.998862927777574
"99","2",6,"G5","3324a",1121,1475,15516,11888,30000,0.0865333333333333,0.913466666666667,0.0013571507170891
"100","2",6,"H1","3850",15139,14683,19,159,30000,0.994066666666667,0.00593333333333333,1
"101","3",6,"A5","3850",5038,4961,17125,2876,30000,0.3333,0.6667,0.275737967136833
"102","3",6,"G1","3850",18733,11189,35,43,30000,0.9974,0.0026,1
"103","3",6,"G3","3324a",723,1691,15890,11696,30000,0.0804666666666667,0.919533333333333,0
"104","3",6,"H1","3324a",1361,1928,13416,13295,30000,0.109633333333333,0.890366666666667,0.0318089283117638
"105","1",7,"A1","3324a",419,1691,15311,12579,30000,0.0703333333333333,0.929666666666667,0
"106","1",7,"D4","3324a",661,1736,14704,12899,30000,0.0799,0.9201,0.0103811321982837
"107","1",7,"F2","3850",39929,55681,11,772,96393,0.991877003516853,0.00812299648314712,1
"108","1",7,"G5","3850",9823,19823,22,332,30000,0.9882,0.0118,0.996009951957979
"109","2",7,"D2","3324a",494,655,505,968,2622,0.438215102974828,0.561784897025172,0.385086053749072
"110","2",7,"G3","3850",13266,16552,11,171,30000,0.993933333333333,0.00606666666666667,1
"111","2",7,"G5","3324a",1211,1495,14037,13257,30000,0.0902,0.9098,0
"112","2",7,"H1","3850",14352,14980,378,290,30000,0.977733333333333,0.0222666666666667,0.982074358217763
"113","3",7,"A5","3850",2602,27207,14,177,30000,0.993633333333333,0.00636666666666667,1
"114","3",7,"G1","3850",16763,12135,695,407,30000,0.963266666666667,0.0367333333333333,0.965415132303253
"115","3",7,"G3","3324a",1140,2328,11784,14748,30000,0.1156,0.8844,0
"116","3",7,"H1","3324a",1436,2362,11603,14599,30000,0.1266,0.8734,0.0125279981777457
"117","1",8,"A1","3324a",470,1635,11738,16157,30000,0.0701666666666667,0.929833333333333,0
"118","1",8,"D4","3324a",950,1838,12685,14527,30000,0.0929333333333333,0.907066666666667,0.0248997448049581
"119","1",8,"F2","3850",10941,18594,169,296,30000,0.9845,0.0155,1
"120","1",8,"G5","3850",6742,20220,1804,1234,30000,0.898733333333333,0.101266666666667,0.906197593875319
"121","2",8,"G3","3850",11848,17080,31,1041,30000,0.964266666666667,0.0357333333333333,0.969843002898987
"122","2",8,"G5","3324a",1126,2042,12604,14228,30000,0.1056,0.8944,0
"123","2",8,"H1","3850",12701,17028,25,246,30000,0.990966666666667,0.00903333333333333,1
"124","3",8,"A5","3850",2994,26583,187,236,30000,0.9859,0.0141,1
"125","3",8,"G1","3850",10800,11284,2894,5022,30000,0.736133333333333,0.263866666666667,0.719804053548725
"126","3",8,"G3","3324a",723,2112,13161,14004,30000,0.0945,0.9055,0
"127","3",8,"H1","3324a",1748,2519,10272,15461,30000,0.142233333333333,0.857766666666667,0.0535487248522923
"128","1",9,"A1","3324a",556,1461,11811,16172,30000,0.0672333333333333,0.932766666666667,0
"129","1",9,"D4","3324a",1283,1635,12633,14449,30000,0.0972666666666667,0.902733333333333,0.0335305719921105
"130","1",9,"F2","3850",10848,18040,727,385,30000,0.962933333333333,0.0370666666666667,1
"131","1",9,"G5","3850",6714,17742,639,4905,30000,0.8152,0.1848,0.835063823452793
"132","2",9,"D2","3324a",1294,2877,10144,15685,30000,0.139033333333333,0.860966666666667,0.0273988176443838
"133","2",9,"G3","3850",6846,12094,476,10584,30000,0.631333333333333,0.368666666666667,0.587085038653934
"134","2",9,"G5","3324a",1221,2227,11381,15171,30000,0.114933333333333,0.885066666666667,0
"135","2",9,"H1","3850",12772,17064,8,156,30000,0.994533333333333,0.00546666666666667,1
"136","1",5,"A3","3911",17586,10763,697,954,30000,0.944966666666667,0.0550333333333333,0.953090642560469
"137","1",5,"A5","3824",7292,20106,439,2163,30000,0.913266666666667,0.0867333333333333,0.919898083836515
"138","1",5,"B2","3905",4980,22184,855,1981,30000,0.905466666666667,0.0945333333333333,0.911730829639454
"139","1",5,"B4","3324m",54130,378841,8347,39240,480558,0.900975532610008,0.0990244673899925,0.90702823560435
"140","1",5,"B6","3842",7941,21394,193,472,30000,0.977833333333333,0.0221666666666667,0.987504799134411
"141","1",5,"C1","3821",12847,14559,739,1855,30000,0.913533333333333,0.0864666666666667,0.920177306202227
"142","1",5,"C5","3905",19613,9666,354,367,30000,0.975966666666667,0.0240333333333333,0.98555024257443
"143","1",5,"D6","3911",22326,7236,96,342,30000,0.9854,0.0146,0.995427733761474
"144","1",5,"E1","3822",15088,9621,1943,3348,30000,0.823633333333333,0.176366666666667,0.82604446616174
"145","1",5,"E3","3973",4409,18366,2005,5220,30000,0.759166666666667,0.240833333333333,0.758542459250986
"146","1",5,"F4","3821",20764,7504,1047,685,30000,0.942266666666667,0.0577333333333333,0.95026351610764
"147","1",5,"G1","3824",4976,22095,278,2651,30000,0.902366666666667,0.0976333333333333,0.908484869638058
"148","1",5,"H1","3324m",18131,9776,537,1556,30000,0.930233333333333,0.0697666666666667,0.937663606854909
"149","1",5,"H2","3842",24140,5042,504,314,30000,0.972733333333333,0.0272666666666667,0.982164671390178
"150","1",5,"H4","3822",13368,10632,2265,3735,30000,0.8,0.2,0.801298384000559
"151","1",5,"H6","3973",20303,9166,247,284,30000,0.9823,0.0177,0.992181773760078
"152","2",5,"A1","3905",4338,17448,4266,3948,30000,0.7262,0.2738,0.71004681310767
"153","2",5,"A3","3822",4451,20832,1778,2939,30000,0.842766666666667,0.157233333333333,0.835974072740367
"154","2",5,"A5","3973",13776,13111,1375,1738,30000,0.896233333333333,0.103766666666667,0.893734245588765
"155","2",5,"B2","3821",14299,11583,2146,1972,30000,0.862733333333333,0.137266666666667,0.857544112351458
"156","2",5,"B6","3842",3515,20277,2574,3634,30000,0.793066666666667,0.206933333333333,0.78228303925099
"157","2",5,"C1","3911",3526,24187,619,1668,30000,0.923766666666667,0.0762333333333333,0.92347857400072
"158","2",5,"D4","3911",10794,9977,5317,3912,30000,0.692366666666667,0.307633333333333,0.673496579042132
"159","2",5,"D6","3824",10407,13717,2472,3404,30000,0.804133333333333,0.195866666666667,0.79423838674829
"160","2",5,"E3","3842",2639,18659,2327,6375,30000,0.709933333333333,0.290066666666667,0.692473892689953
"161","2",5,"E5","3324m",4384,22739,1096,1781,30000,0.9041,0.0959,0.902232625135038
"162","2",5,"F2","3324m",2987,21086,1900,4027,30000,0.802433333333333,0.197566666666667,0.792401872524307
"163","2",5,"F4","3905",14536,13862,695,907,30000,0.9466,0.0534,0.948145480734606
"164","2",5,"F6","3822",4847,17915,3505,3733,30000,0.758733333333333,0.241266666666667,0.745192653943104
"165","2",5,"G1","3973",13245,12814,2234,1707,30000,0.868633333333333,0.131366666666667,0.863917897011163
"166","2",5,"H6","3821",2789,15271,7145,4795,30000,0.602,0.398,0.575873244508462
"167","3",5,"A1","3822",15642,11358,1730,1270,30000,0.9,0.1,0.895576504713561
"168","3",5,"A6","3821",4180,20735,3075,2010,30000,0.8305,0.1695,0.819978245105149
"169","3",5,"C1","3824",3304,20644,2942,3110,30000,0.798266666666667,0.201733333333333,0.784916606236403
"170","3",5,"D2","3911",15474,10779,2102,1645,30000,0.8751,0.1249,0.86849166062364
"171","3",5,"D4","3824",23164,482,6321,33,30000,0.7882,0.2118,0.773966642494561
"172","3",5,"D6","3973",3922,24357,622,1099,30000,0.942633333333333,0.0573666666666667,0.941950688905004
"173","3",5,"E1","3842",2736,17861,5343,4060,30000,0.686566666666667,0.313433333333333,0.663415518491661
"174","3",5,"E5","3905",7787,8415,8480,5318,30000,0.540066666666667,0.459933333333333,0.504060913705584
"175","3",5,"F2","3905",18448,17085,10138,6123,51794,0.686044715604124,0.313955284395876,0.662847768967503
"176","3",5,"F4","3822",3471,18458,5142,2929,30000,0.730966666666667,0.269033333333333,0.711711385061639
"177","3",5,"G5","3911",11975,12465,3022,2538,30000,0.814666666666667,0.185333333333333,0.802755620014503
"178","3",5,"H4","3821",4859,14208,6781,4152,30000,0.635566666666667,0.364433333333333,0.60794053662074
"179","3",5,"H6","3324m",9349,8871,7468,4312,30000,0.607333333333333,0.392666666666667,0.577229876722262
"180","1",6,"A3","3911",10211,13689,3966,2134,30000,0.796666666666667,0.203333333333333,0.780353857150522
"181","1",6,"A5","3824",7324,13539,4103,5034,30000,0.695433333333333,0.304566666666667,0.662937355755054
"182","1",6,"B2","3905",6586,18351,2897,2166,30000,0.831233333333333,0.168766666666667,0.820446353675744
"183","1",6,"B6","3842",5751,10305,10253,3691,30000,0.5352,0.4648,0.477089110049417
"184","1",6,"C1","3821",5895,6909,13420,3776,30000,0.4268,0.5732,0.351360278130397
"185","1",6,"D6","3911",15703,11575,1470,1252,30000,0.909266666666667,0.0907333333333333,0.910954101376367
"186","1",6,"E1","3822",8493,9670,5857,5980,30000,0.605433333333333,0.394566666666667,0.558549949180221
"187","1",6,"E3","3973",2745,16666,3692,6897,30000,0.647033333333333,0.352966666666667,0.606800128219255
"188","1",6,"F4","3821",11806,8886,6683,2625,30000,0.689733333333333,0.310266666666667,0.656326153338647
"189","1",6,"G1","3824",5163,21739,1754,1344,30000,0.896733333333333,0.103266666666667,0.896417188460761
"190","1",6,"H1","3324m",13659,9110,6044,1187,30000,0.758966666666667,0.241033333333333,0.736627132396398
"191","1",6,"H2","3842",16085,7054,4446,2415,30000,0.7713,0.2287,0.750932073297393
"192","1",6,"H4","3822",5391,5775,12631,6203,30000,0.3722,0.6278,0.288031918141666
"193","1",6,"H6","3973",13116,7144,7643,2097,30000,0.675333333333333,0.324666666666667,0.639624168286674
"194","2",6,"A1","3905",2197,12687,10037,5079,30000,0.496133333333333,0.503866666666667,0.452077907787111
"195","2",6,"A3","3822",2211,25573,693,1523,30000,0.926133333333333,0.0738666666666667,0.925246671312768
"196","2",6,"B2","3821",3680,5198,14440,6682,30000,0.295933333333333,0.704066666666667,0.231779334629351
"197","2",6,"B6","3842",2711,23850,1128,2311,30000,0.885366666666667,0.114633333333333,0.880387338150607
"198","2",6,"D4","3911",8651,7667,9555,4127,30000,0.543933333333333,0.456066666666667,0.504676668011591
"199","2",6,"D6","3824",3433,6226,15145,5196,30000,0.321966666666667,0.678033333333333,0.260426218684664
"200","2",6,"E3","3842",1859,12800,2470,12871,30000,0.488633333333333,0.511366666666667,0.443824964237245
"201","2",6,"E5","3324m",2113,9222,6629,12036,30000,0.377833333333333,0.622166666666667,0.321901478193889
"202","2",6,"F2","3324m",3224,22476,1591,2709,30000,0.856666666666667,0.143333333333333,0.848806074166453
"203","2",6,"F4","3905",4847,5939,14098,5116,30000,0.359533333333333,0.640466666666667,0.301764295932216
"204","2",6,"F6","3822",2307,16826,4424,6443,30000,0.637766666666667,0.362233333333333,0.607930161757694
"205","2",6,"G1","3973",7568,7580,11832,3020,30000,0.504933333333333,0.495066666666667,0.461761361552287
"206","2",6,"H6","3821",1519,9153,12726,6602,30000,0.355733333333333,0.644266666666667,0.297582804533617
"207","3",6,"A1","3822",16261,11172,1945,622,30000,0.914433333333333,0.0855666666666667,0.90951723135088
"208","3",6,"A6","3821",3466,20111,3833,2590,30000,0.7859,0.2141,0.769339828413553
"209","3",6,"B4","3842",7014,7018,12569,3399,30000,0.467733333333333,0.532266666666667,0.422349861858368
"210","3",6,"C1","3824",9957,12276,6237,1530,30000,0.7411,0.2589,0.720481314526683
"211","3",6,"D2","3911",12596,10973,5124,1307,30000,0.785633333333333,0.214366666666667,0.769049003926131
"212","3",6,"D4","3824",2429,24302,1915,1354,30000,0.891033333333333,0.108966666666667,0.883997382579613
"213","3",6,"D6","3973",2611,26523,202,664,30000,0.971133333333333,0.0288666666666667,0.971353787988949
"214","3",6,"E1","3842",3140,11201,12472,3187,30000,0.478033333333333,0.521966666666667,0.433582957685037
"215","3",6,"E3","3324m",5719,6713,12338,5230,30000,0.4144,0.5856,0.364184964374
"216","3",6,"E5","3905",4416,6168,14378,5038,30000,0.3528,0.6472,0.297004507779555
"217","3",6,"F2","3905",14881,16841,9058,3829,44609,0.711112107422269,0.288887892577731,0.687776763947509
"218","3",6,"F4","3822",4490,24389,384,737,30000,0.962633333333333,0.0373666666666667,0.962083757452378
"219","3",6,"G5","3911",11343,13424,3916,1317,30000,0.825566666666667,0.174433333333333,0.812599970917551
"220","3",6,"H4","3821",3686,21980,2636,1698,30000,0.855533333333333,0.144466666666667,0.845281372691581
"221","3",6,"H6","3324m",5308,4742,15589,4361,30000,0.335,0.665,0.277591973244147
"222","1",7,"A5","3824",3346,23522,940,2192,30000,0.8956,0.1044,0.895526379669365
"223","1",7,"B2","3905",2515,11297,10785,5403,30000,0.4604,0.5396,0.423275292628278
"224","1",7,"B4","3324m",20313,120836,9224,12557,162930,0.866316823175597,0.133683176824403,0.863750157042203
"225","1",7,"B6","3842",6142,11569,9560,2729,30000,0.590366666666667,0.409633333333333,0.564306771517157
"226","1",7,"C1","3821",11154,10453,5245,3148,30000,0.720233333333333,0.279766666666667,0.70522973682905
"227","1",7,"E1","3822",11611,11248,3634,3507,30000,0.761966666666667,0.238033333333333,0.75051606962435
"228","1",7,"E3","3973",3328,19860,3217,3595,30000,0.772933333333333,0.227066666666667,0.762416391900431
"229","1",7,"F4","3821",9188,6348,11769,2695,30000,0.517866666666667,0.482133333333333,0.485634428202637
"230","1",7,"G1","3824",4127,22247,1867,1759,30000,0.879133333333333,0.120866666666667,0.877657810659079
"231","1",7,"H1","3324m",3698,3310,20709,2283,30000,0.2336,0.7664,0.177166500025065
"232","1",7,"H2","3842",17134,6256,4718,1892,30000,0.779666666666667,0.220333333333333,0.769722972750791
"233","1",7,"H4","3822",7256,6773,11829,4142,30000,0.467633333333333,0.532366666666667,0.431124441363566
"234","1",7,"H6","3973",14015,8049,5514,2422,30000,0.735466666666667,0.264533333333333,0.721759971723181
"235","2",7,"A1","3905",1508,7284,17265,3943,30000,0.293066666666667,0.706933333333333,0.224476246680437
"236","2",7,"A3","3822",2460,20419,4483,2638,30000,0.762633333333333,0.237366666666667,0.744061670109177
"237","2",7,"B2","3821",7189,5529,14733,2549,30000,0.423933333333333,0.576066666666667,0.369282974328711
"238","2",7,"B6","3842",2816,23595,1700,1889,30000,0.880366666666667,0.119633333333333,0.874336087341399
"239","2",7,"D4","3911",2548,2817,21012,3623,30000,0.178833333333333,0.821166666666667,0.0980746532900561
"240","2",7,"D6","3824",2148,4483,19205,4164,30000,0.221033333333333,0.778966666666667,0.144769843611685
"241","2",7,"F4","3905",5424,6877,15005,2694,30000,0.410033333333333,0.589966666666667,0.353902331071112
"242","2",7,"F6","3822",1889,12201,8683,7227,30000,0.469666666666667,0.530333333333333,0.41988787252877
"243","2",7,"G1","3973",5859,6676,14483,2982,30000,0.417833333333333,0.582166666666667,0.36253319563293
"244","2",7,"H6","3821",2326,18215,6031,3428,30000,0.6847,0.3153,0.657826792564178
"245","3",7,"A1","3822",6273,5065,16630,2032,30000,0.377933333333333,0.622066666666667,0.298773774723815
"246","3",7,"A3","3973",1084,6181,19819,2916,30000,0.242166666666667,0.757833333333333,0.144147906305759
"247","3",7,"A6","3821",2626,20692,3585,3097,30000,0.777266666666667,0.222733333333333,0.753578072206826
"248","3",7,"B4","3842",4560,5224,16797,3419,30000,0.326133333333333,0.673866666666667,0.239778292395885
"249","3",7,"D2","3911",3652,3940,19990,2418,30000,0.253066666666667,0.746933333333333,0.15656201359098
"250","3",7,"D4","3824",1437,13918,10792,3853,30000,0.511833333333333,0.488166666666667,0.451273679814738
"251","3",7,"D6","3973",2463,25074,637,1826,30000,0.9179,0.0821,0.913746630727763
"252","3",7,"E1","3842",1441,6698,18481,3380,30000,0.2713,0.7287,0.177328119661364
"253","3",7,"E3","3324m",2053,3149,19723,5075,30000,0.1734,0.8266,0.0658289358794275
"254","3",7,"F2","3905",4918,6361,14742,3979,30000,0.375966666666667,0.624033333333333,0.296533920504157
"255","3",7,"F4","3822",2922,16895,6412,3771,30000,0.660566666666667,0.339433333333333,0.620667400630196
"256","3",7,"G5","3911",2575,3847,21416,2162,30000,0.214066666666667,0.785933333333333,0.112144565506245
"257","3",7,"H4","3821",3322,12742,12661,1275,30000,0.535466666666667,0.464533333333333,0.47818989408147
"258","3",7,"H6","3324m",3205,3300,20003,3492,30000,0.216833333333333,0.783166666666667,0.115295546866102
"259","1",8,"A3","3911",2682,5373,18283,3662,30000,0.2685,0.7315,0.216915785636165
"260","1",8,"A5","3824",1711,7358,15784,5147,30000,0.3023,0.6977,0.253882610280715
"261","1",8,"B2","3905",1854,8076,15182,4888,30000,0.331,0.669,0.285271600437477
"262","1",8,"B4","3324m",647,2641,23725,2987,30000,0.1096,0.8904,0.0431279620853081
"263","1",8,"B6","3842",3487,7501,15720,3292,30000,0.366266666666667,0.633733333333333,0.323842508202698
"264","1",8,"C1","3821",590,704,26771,1935,30000,0.0431333333333333,0.956866666666667,-0.0295661684287277
"265","1",8,"C5","3905",1299,1528,25440,1733,30000,0.0942333333333333,0.905766666666667,0.0263215457528254
"266","1",8,"D6","3911",5333,3992,18826,1849,30000,0.310833333333333,0.689166666666667,0.263215457528254
"267","1",8,"E1","3822",12358,4360,9611,3671,30000,0.557266666666667,0.442733333333333,0.532737878235509
"268","1",8,"E3","3973",610,1893,22303,5194,30000,0.0834333333333333,0.916566666666667,0.0145096609551586
"269","1",8,"F4","3821",3488,2957,20888,2667,30000,0.214833333333333,0.785166666666667,0.158220925993438
"270","1",8,"G1","3824",1542,6649,17590,4219,30000,0.273033333333333,0.726966666666667,0.22187386073642
"271","1",8,"H1","3324m",3283,2699,22273,1745,30000,0.1994,0.8006,0.141341596791834
"272","1",8,"H2","3842",3738,1499,22647,2116,30000,0.174566666666667,0.825433333333333,0.114181553044112
"273","1",8,"H6","3973",1570,1378,24516,2536,30000,0.0982666666666667,0.901733333333333,0.0307327743346701
"274","2",8,"A1","3905",723,1599,25667,2011,30000,0.0774,0.9226,-0.0318512104212944
"275","2",8,"A3","3822",1339,6069,18678,3914,30000,0.246933333333333,0.753066666666667,0.159632543955423
"276","2",8,"A5","3973",3708,5445,18191,2656,30000,0.3051,0.6949,0.225330371597455
"277","2",8,"B2","3821",2459,2499,22889,2153,30000,0.165266666666667,0.834733333333333,0.0673920409623132
"278","2",8,"B6","3842",1327,12004,14821,1848,30000,0.444366666666667,0.555633333333333,0.382628666089379
"279","2",8,"C1","3911",2006,8513,16422,3059,30000,0.350633333333333,0.649366666666667,0.276759158164226
"280","2",8,"C3","3824",1137,1668,24499,2696,30000,0.0935,0.9065,-0.0136666541169384
"281","2",8,"D4","3911",4336,4573,18037,3054,30000,0.296966666666667,0.703033333333333,0.216143970483039
"282","2",8,"D6","3824",1490,2634,23174,2702,30000,0.137466666666667,0.862533333333333,0.0359926207597605
"283","2",8,"E3","3842",2288,14621,5869,7222,30000,0.563633333333333,0.436366666666667,0.517337449644215
"284","2",8,"F2","3324m",594,2435,24591,2380,30000,0.100966666666667,0.899033333333333,-0.00523323670042544
"285","2",8,"F6","3822",1701,15381,9870,3048,30000,0.5694,0.4306,0.523850758631076
"286","2",8,"G1","3973",1307,1985,24093,2615,30000,0.109733333333333,0.890266666666667,0.00466849892699823
"287","2",8,"H6","3821",1226,8732,17369,2673,30000,0.331933333333333,0.668066666666667,0.255637965438048
"288","3",8,"A1","3822",2359,2219,23964,1458,30000,0.1526,0.8474,0.0651783711016379
"289","3",8,"A3","3973",1017,3432,23345,2206,30000,0.1483,0.8517,0.0603544985416199
"290","3",8,"A6","3821",2339,12798,11660,3203,30000,0.504566666666667,0.495433333333333,0.460025428165433
"291","3",8,"B4","3842",5377,5881,15411,3331,30000,0.375266666666667,0.624733333333333,0.314972702116521
"292","3",8,"C1","3824",2464,2532,23126,1878,30000,0.166533333333333,0.833466666666667,0.0808092139705333
"293","3",8,"D2","3911",3449,2967,21027,2557,30000,0.213866666666667,0.786133333333333,0.133909206491661
"294","3",8,"D4","3824",1160,7559,18696,2585,30000,0.290633333333333,0.709366666666667,0.220028419714307
"295","3",8,"E1","3842",1083,3823,22353,2741,30000,0.163533333333333,0.836466666666667,0.0774437214867998
"296","3",8,"E3","3324m",1968,2931,20908,4193,30000,0.1633,0.8367,0.0771819609602872
"297","3",8,"E5","3905",1485,2426,22584,3505,30000,0.130366666666667,0.869633333333333,0.0402363323610799
"298","3",8,"F2","3905",3031,3792,19480,3697,30000,0.227433333333333,0.772566666666667,0.149128711390322
"299","3",8,"F4","3822",1290,7777,17837,3096,30000,0.302233333333333,0.697766666666667,0.233041657318076
"300","3",8,"G5","3911",3138,4134,19555,3173,30000,0.2424,0.7576,0.165918779448059
"301","3",8,"H4","3821",955,2979,23888,2178,30000,0.131133333333333,0.868866666666667,0.0410964026624785
"302","3",8,"H6","3324m",5059,3974,17497,3470,30000,0.3011,0.6989,0.231770249046444
"303","1",9,"A3","3911",3190,5314,19085,2411,30000,0.283466666666667,0.716533333333333,0.24141267537494
"304","1",9,"A5","3824",338,872,27082,1708,30000,0.0403333333333333,0.959666666666667,-0.0300323769119125
"305","1",9,"B2","3905",1634,1991,23924,2451,30000,0.120833333333333,0.879166666666667,0.0598414647761527
"306","1",9,"B4","3324m",1488,3519,22346,2647,30000,0.1669,0.8331,0.111272375423319
"307","1",9,"B6","3842",1335,1639,24913,2113,30000,0.0991333333333333,0.900866666666667,0.0356146031037178
"308","1",9,"C1","3821",982,846,26068,2104,30000,0.0609333333333333,0.939066666666667,-0.00703360500167468
"309","1",9,"C5","3905",3304,2874,22089,1733,30000,0.205933333333333,0.794066666666667,0.154850954560679
"310","1",9,"E1","3822",2283,2260,20215,5242,30000,0.151433333333333,0.848566666666667,0.0940046890700011
"311","1",9,"E3","3973",854,1643,23348,4155,30000,0.0832333333333333,0.916766666666667,0.0178631238137769
"312","1",9,"F4","3821",2698,2030,23510,1762,30000,0.1576,0.8424,0.100889434706561
"313","1",9,"G1","3824",533,959,26497,2011,30000,0.0497333333333333,0.950266666666667,-0.0195377916713185
"314","1",9,"H1","3324m",3835,2674,21194,2297,30000,0.216966666666667,0.783033333333333,0.167169067023929
"315","1",9,"H2","3842",1372,1072,25525,2031,30000,0.0814666666666667,0.918533333333333,0.0158907372260057
"316","1",9,"H4","3822",1864,1781,23681,2674,30000,0.1215,0.8785,0.0605857616017268
"317","1",9,"H6","3973",1216,986,25782,2016,30000,0.0734,0.9266,0.00688474563655986
"318","2",9,"A1","3905",797,2193,24671,2339,30000,0.0996666666666667,0.900333333333333,-0.0173563741094437
"319","2",9,"A3","3822",1433,3471,21333,3763,30000,0.163466666666667,0.836533333333333,0.0551765954221616
"320","2",9,"A5","3973",1451,2620,23157,2772,30000,0.1357,0.8643,0.0236092163104441
"321","2",9,"B2","3821",1228,1444,25437,1891,30000,0.0890666666666667,0.910933333333333,-0.0294073063513718
"322","2",9,"B6","3842",1040,6717,19827,2416,30000,0.258566666666667,0.741433333333333,0.16329392147946
"323","2",9,"C1","3911",1938,9926,14847,3289,30000,0.395466666666667,0.604533333333333,0.318932848264363
"324","2",9,"C3","3824",2095,2914,22704,2287,30000,0.166966666666667,0.833033333333333,0.0591556768227983
"325","2",9,"D4","3911",4558,5110,17735,2597,30000,0.322266666666667,0.677733333333333,0.235713202971047
"326","2",9,"D6","3824",2891,5111,18862,3136,30000,0.266733333333333,0.733266666666667,0.172578444747613
"327","2",9,"E3","3842",1324,9391,14116,5169,30000,0.357166666666667,0.642833333333333,0.275390328937396
"328","2",9,"F2","3324m",963,3427,23033,2577,30000,0.146333333333333,0.853666666666667,0.0356980445657117
"329","2",9,"F4","3905",2549,3758,21421,2272,30000,0.210233333333333,0.789766666666667,0.108344702137335
"330","2",9,"H6","3821",946,4401,21746,2907,30000,0.178233333333333,0.821766666666667,0.0719645293315143
