Replicate,Day,Well_Num,Culture,Hgui_Alive_Num,Hgui_Dead_Num,Scer_Alive_Num,Scer_Dead_Num,Total_Cells,Hgui_Alive_Total_Alive,Scer_Alive_Total_Alive,Hgui_Dead_Total_Hgui,Scer_Dead_Total_Scer,Hgui_Alive_Total_Hgui,Scer_Alive_Total_Scer,AliveRatio_Hgui_Scer
1,5,A1,3324a,301,741,19970,8988,30000,0.014848799,0.985151201,0.711132438,0.310380551,0.288867562,0.689619449,0.015072609
1,5,A3,3911,17586,10763,697,954,30000,0.961877154,0.038122846,0.379660658,0.577831617,0.620339342,0.422168383,25.23098996
1,5,A5,3824,7292,20106,439,2163,30000,0.943215625,0.056784375,0.733849186,0.831283628,0.266150814,0.168716372,16.61047836
1,5,A6,3984,18599,10107,120,1174,30000,0.993589401,0.006410599,0.352086672,0.907264297,0.647913328,0.092735703,154.9916667
1,5,B2,3905,4980,22184,855,1981,30000,0.853470437,0.146529563,0.816669121,0.698519041,0.183330879,0.301480959,5.824561404
1,5,B4,3324m,54130,378841,8347,39240,480558,0.866398835,0.133601165,0.874980079,0.824594952,0.125019921,0.175405048,6.484964658
1,5,B6,3842,7941,21394,193,472,30000,0.976272437,0.023727563,0.729299472,0.709774436,0.270700528,0.290225564,41.14507772
1,5,C1,3821,12847,14559,739,1855,30000,0.945605771,0.054394229,0.531234036,0.715111796,0.468765964,0.284888204,17.38430311
1,5,C3,3920,9457,14807,163,5573,30000,0.983056133,0.016943867,0.610245631,0.971582985,0.389754369,0.028417015,58.01840491
1,5,C5,3905,19613,9666,354,367,30000,0.982270747,0.017729253,0.330134226,0.509015257,0.669865774,0.490984743,55.4039548
1,5,D2,3852,8662,16053,267,5018,30000,0.970097435,0.029902565,0.64952458,0.949479659,0.35047542,0.050520341,32.44194757
1,5,D3,b,1227,763,2,8,2000,0.998372661,0.001627339,0.383417085,0.8,0.616582915,0.2,613.5
1,5,D4,3324a,3123,8725,10428,7724,30000,0.230462696,0.769537304,0.736411209,0.425517849,0.263588791,0.574482151,0.299482163
1,5,D6,3911,22326,7236,96,342,30000,0.995718491,0.004281509,0.244773696,0.780821918,0.755226304,0.219178082,232.5625
1,5,E1,3822,15088,9621,1943,3348,30000,0.885913922,0.114086078,0.389372293,0.632772633,0.610627707,0.367227367,7.765311374
1,5,E3,3973,4409,18366,2005,5220,30000,0.687402557,0.312597443,0.806410538,0.722491349,0.193589462,0.277508651,2.199002494
1,5,E5,3852,13667,13914,97,2322,30000,0.99295263,0.00704737,0.50447772,0.959900785,0.49552228,0.040099215,140.8969072
1,5,F2,3850,151738,114344,373,6953,273408,0.997547843,0.002452157,0.429732188,0.949085449,0.570267812,0.050914551,406.8042895
1,5,F4,3821,20764,7504,1047,685,30000,0.951996699,0.048003301,0.265459176,0.395496536,0.734540824,0.604503464,19.83190067
1,5,F6,3920,6907,20384,208,2501,30000,0.970765987,0.029234013,0.746912902,0.9232189,0.253087098,0.0767811,33.20673077
1,5,G1,3824,4976,22095,278,2651,30000,0.947087933,0.052912067,0.816187064,0.90508706,0.183812936,0.09491294,17.89928058
1,5,G3,3984,19950,7751,1330,969,30000,0.9375,0.0625,0.279809393,0.421487603,0.720190607,0.578512397,15
1,5,G5,3850,9895,19798,19,288,30000,0.998083518,0.001916482,0.666756475,0.938110749,0.333243525,0.061889251,520.7894737
1,5,H1,3324m,18131,9776,537,1556,30000,0.971234198,0.028765802,0.350306375,0.743430483,0.649693625,0.256569517,33.76350093
1,5,H2,3842,24140,5042,504,314,30000,0.979548775,0.020451225,0.17277774,0.383863081,0.82722226,0.616136919,47.8968254
1,5,H3,b,838,887,169,106,2000,0.832174777,0.167825223,0.514202899,0.385454545,0.485797101,0.614545455,4.958579882
1,5,H4,3822,13368,10632,2265,3735,30000,0.855114182,0.144885818,0.443,0.6225,0.557,0.3775,5.901986755
1,5,H6,3973,20303,9166,247,284,30000,0.987980535,0.012019465,0.311038719,0.534839925,0.688961281,0.465160075,82.19838057
2,5,A1,3905,4338,17448,4266,3948,30000,0.5041841,0.4958159,0.8008813,0.480642805,0.1991187,0.519357195,1.016877637
2,5,A3,3822,4451,20832,1778,2939,30000,0.714560925,0.285439075,0.823952854,0.623065508,0.176047146,0.376934492,2.503374578
2,5,A5,3973,13776,13111,1375,1738,30000,0.909246914,0.090753086,0.487633429,0.558303887,0.512366571,0.441696113,10.01890909
2,5,A6,3852,3287,19817,22,6874,30000,0.993351466,0.006648534,0.857730263,0.996809745,0.142269737,0.003190255,149.4090909
2,5,B2,3821,14299,11583,2146,1972,30000,0.869504409,0.130495591,0.447531103,0.478873239,0.552468897,0.521126761,6.663094129
2,5,B4,3920,4547,9791,50,17496,31884,0.989123341,0.010876659,0.682870693,0.997150348,0.317129307,0.002849652,90.94
2,5,B6,3842,3515,20277,2574,3634,30000,0.577270488,0.422729512,0.852261264,0.585373711,0.147738736,0.414626289,1.365578866
2,5,C1,3911,3526,24187,619,1668,30000,0.85066345,0.14933655,0.872767293,0.729339746,0.127232707,0.270660254,5.69628433
2,5,C3,3824,4317,13548,6356,5779,30000,0.404478591,0.595521409,0.758354324,0.476225793,0.241645676,0.523774207,0.679200755
2,5,C5,3984,14420,13230,129,2221,30000,0.991133411,0.008866589,0.478481013,0.945106383,0.521518987,0.054893617,111.7829457
2,5,D2,3324a,1723,2822,14573,10882,30000,0.105731468,0.894268532,0.62090209,0.427499509,0.37909791,0.572500491,0.118232347
2,5,D3,b,465,1526,1,8,2000,0.997854077,0.002145923,0.766449021,0.888888889,0.233550979,0.111111111,465
2,5,D4,3911,10794,9977,5317,3912,30000,0.669977034,0.330022966,0.480333157,0.423881244,0.519666843,0.576118756,2.030092157
2,5,D6,3824,10407,13717,2472,3404,30000,0.808059632,0.191940368,0.56860388,0.57930565,0.43139612,0.42069435,4.209951456
2,5,E1,3920,4750,18078,40,7132,30000,0.991649269,0.008350731,0.791922201,0.994422755,0.208077799,0.005577245,118.75
2,5,E3,3842,2639,18659,2327,6375,30000,0.531413613,0.468586387,0.876091652,0.732590209,0.123908348,0.267409791,1.134078212
2,5,E5,3324m,4384,22739,1096,1781,30000,0.8,0.2,0.838365962,0.619047619,0.161634038,0.380952381,4
2,5,F2,3324m,2987,21086,1900,4027,30000,0.611213423,0.388786577,0.875919079,0.679433103,0.124080921,0.320566897,1.572105263
2,5,F4,3905,14536,13862,695,907,30000,0.954369378,0.045630622,0.488132967,0.566167291,0.511867033,0.433832709,20.91510791
2,5,F6,3822,4847,17915,3505,3733,30000,0.580340038,0.419659962,0.787057376,0.515750207,0.212942624,0.484249793,1.382881598
2,5,G1,3973,13245,12814,2234,1707,30000,0.855675431,0.144324569,0.491730304,0.433138797,0.508269696,0.566861203,5.928827216
2,5,G3,3850,14625,14452,305,618,30000,0.979571333,0.020428667,0.49702514,0.669555796,0.50297486,0.330444204,47.95081967
2,5,G5,3324a,803,1265,17385,10547,30000,0.044149989,0.955850011,0.611702128,0.377595589,0.388297872,0.622404411,0.046189244
2,5,H1,3850,15361,14477,5,157,30000,0.999674606,0.000325394,0.485186675,0.969135802,0.514813325,0.030864198,3072.2
2,5,H2,3984,2724,26131,85,1060,30000,0.969740121,0.030259879,0.90559695,0.925764192,0.09440305,0.074235808,32.04705882
2,5,H3,b,482,1141,217,160,2000,0.689556509,0.310443491,0.7030191,0.424403183,0.2969809,0.575596817,2.221198157
2,5,H4,3852,19197,7783,104,2916,30000,0.994611678,0.005388322,0.288472943,0.965562914,0.711527057,0.034437086,184.5865385
2,5,H6,3821,2789,15271,7145,4795,30000,0.28075297,0.71924703,0.845570321,0.40159129,0.154429679,0.59840871,0.390342897
3,5,A1,3822,15642,11358,1730,1270,30000,0.90041446,0.09958554,0.420666667,0.423333333,0.579333333,0.576666667,9.041618497
3,5,A3,3973,2510,14612,8309,4569,30000,0.231999261,0.768000739,0.853404976,0.354791117,0.146595024,0.645208883,0.30208208
3,5,A5,3850,3900,25891,107,102,30000,0.973296731,0.026703269,0.86908798,0.488038278,0.13091202,0.511961722,36.44859813
3,5,A6,3821,4180,20735,3075,2010,30000,0.576154376,0.423845624,0.832229581,0.395280236,0.167770419,0.604719764,1.359349593
3,5,B2,3920,4758,15501,55,9686,30000,0.988572616,0.011427384,0.765141419,0.994353762,0.234858581,0.005646238,86.50909091
3,5,B4,3842,5286,6363,12796,5555,30000,0.292334919,0.707665081,0.546227144,0.302708299,0.453772856,0.697291701,0.413097843
3,5,B6,3920,3353,5003,1457,20187,30000,0.697089397,0.302910603,0.59873145,0.932683423,0.40126855,0.067316577,2.301304049
3,5,C1,3824,3304,20644,2942,3110,30000,0.528978546,0.471021454,0.862034408,0.513879709,0.137965592,0.486120291,1.123045547
3,5,C3,3984,5086,18670,127,6117,30000,0.975637829,0.024362171,0.785906718,0.979660474,0.214093282,0.020339526,40.04724409
3,5,C5,3852,2162,11892,62,15884,30000,0.972122302,0.027877698,0.846164793,0.996111878,0.153835207,0.003888122,34.87096774
3,5,D2,3911,15474,10779,2102,1645,30000,0.880405098,0.119594902,0.410581648,0.439017881,0.589418352,0.560982119,7.361560419
3,5,D3,b,1542,420,5,32,1999,0.996767938,0.003232062,0.214067278,0.864864865,0.785932722,0.135135135,308.4
3,5,D4,3824,23164,482,6321,33,30000,0.785619807,0.214380193,0.020383997,0.005193579,0.979616003,0.994806421,3.66461003
3,5,D6,3973,3922,24357,622,1099,30000,0.863116197,0.136883803,0.861310513,0.63858222,0.138689487,0.36141778,6.305466238
3,5,E1,3842,2736,17861,5343,4060,30000,0.338655774,0.661344226,0.867165121,0.431777092,0.132834879,0.568222908,0.51207187
3,5,E3,3324m,7354,4045,16600,2001,30000,0.307005093,0.692994907,0.354855689,0.107574862,0.645144311,0.892425138,0.443012048
3,5,E5,3905,7787,8415,8480,5318,30000,0.478699207,0.521300793,0.519380323,0.385418177,0.480619677,0.614581823,0.918278302
3,5,F2,3905,18448,17085,10138,6123,51794,0.645350871,0.354649129,0.480820646,0.376545108,0.519179354,0.623454892,1.819688301
3,5,F4,3822,3471,18458,5142,2929,30000,0.402995472,0.597004528,0.841716449,0.362904225,0.158283551,0.637095775,0.675029172
3,5,F6,3984,3053,25305,32,1610,30000,0.989627229,0.010372771,0.892340786,0.980511571,0.107659214,0.019488429,95.40625
3,5,G1,3850,19211,10669,62,58,30000,0.996783064,0.003216936,0.35706158,0.483333333,0.64293842,0.516666667,309.8548387
3,5,G3,3324a,843,1457,19719,7981,30000,0.040997957,0.959002043,0.633478261,0.288122744,0.366521739,0.711877256,0.042750647
3,5,G5,3911,11975,12465,3022,2538,30000,0.798493032,0.201506968,0.51002455,0.45647482,0.48997545,0.54352518,3.962607545
3,5,H1,3324a,1421,1593,16400,10586,30000,0.079737388,0.920262612,0.52853351,0.392277477,0.47146649,0.607722523,0.086646341
3,5,H2,3852,11123,8081,43,10753,30000,0.996149024,0.003850976,0.42079775,0.996017043,0.57920225,0.003982957,258.6744186
3,5,H3,b,728,1271,1,0,2000,0.998628258,0.001371742,0.635817909,0,0.364182091,1,728
3,5,H4,3821,4859,14208,6781,4152,30000,0.417439863,0.582560137,0.745161798,0.379767676,0.254838202,0.620232324,0.716560979
3,5,H6,3324m,9349,8871,7468,4312,30000,0.555925552,0.444074448,0.486882547,0.366044143,0.513117453,0.633955857,1.251874665
1,6,A1,3324a,1077,2639,14645,11639,30000,0.068502735,0.931497265,0.710172228,0.442816923,0.289827772,0.557183077,0.073540457
1,6,A3,3911,10211,13689,3966,2134,30000,0.720251111,0.279748889,0.572761506,0.349836066,0.427238494,0.650163934,2.574634392
1,6,A5,3824,7324,13539,4103,5034,30000,0.640938129,0.359061871,0.648947898,0.5509467,0.351052102,0.4490533,1.78503534
1,6,A6,3984,13393,8974,167,7466,30000,0.987684366,0.012315634,0.401216077,0.978121315,0.598783923,0.021878685,80.19760479
1,6,B2,3905,6586,18351,2897,2166,30000,0.694505958,0.305494042,0.735894454,0.427809599,0.264105546,0.572190401,2.273386262
1,6,B4,3324m,13045,32469,12349,5829,63692,0.513704025,0.486295975,0.713384893,0.320662339,0.286615107,0.679337661,1.056360839
1,6,B6,3842,5751,10305,10253,3691,30000,0.359347663,0.640652337,0.641816143,0.264701664,0.358183857,0.735298336,0.560909002
1,6,C1,3821,5895,6909,13420,3776,30000,0.30520321,0.69479679,0.539597001,0.21958595,0.460402999,0.78041405,0.439269747
1,6,C3,3920,5523,12263,120,12094,30000,0.978734716,0.021265284,0.689474868,0.990175209,0.310525132,0.009824791,46.025
1,6,C5,3905,16815,11191,1348,646,30000,0.925783186,0.074216814,0.399592944,0.323971916,0.600407056,0.676028084,12.47403561
1,6,D2,3852,3623,9903,97,16377,30000,0.973924731,0.026075269,0.732145498,0.994111934,0.267854502,0.005888066,37.35051546
1,6,D3,b,845,1125,19,11,2000,0.978009259,0.021990741,0.57106599,0.366666667,0.42893401,0.633333333,44.47368421
1,6,D4,3324a,1988,2299,15901,9812,30000,0.111129745,0.888870255,0.536272452,0.381596858,0.463727548,0.618403142,0.125023583
1,6,D6,3911,15703,11575,1470,1252,30000,0.914400512,0.085599488,0.424334629,0.459955915,0.575665371,0.540044085,10.68231293
1,6,E1,3822,8493,9670,5857,5980,30000,0.59184669,0.40815331,0.532401035,0.505195573,0.467598965,0.494804427,1.450059758
1,6,E3,3973,2745,16666,3692,6897,30000,0.426440889,0.573559111,0.858585338,0.651336292,0.141414662,0.348663708,0.743499458
1,6,E5,3852,12974,11621,40,5365,30000,0.996926387,0.003073613,0.472494409,0.992599445,0.527505591,0.007400555,324.35
1,6,F2,3850,45471,54543,143,1273,101430,0.996864998,0.003135002,0.54535365,0.899011299,0.45464635,0.100988701,317.979021
1,6,F4,3821,11806,8886,6683,2625,30000,0.638541836,0.361458164,0.42944133,0.282015471,0.57055867,0.717984529,1.766571899
1,6,F6,3920,201,246,50,29503,30000,0.800796813,0.199203187,0.55033557,0.998308124,0.44966443,0.001691876,4.02
1,6,G1,3824,5163,21739,1754,1344,30000,0.746421859,0.253578141,0.808081184,0.433828276,0.191918816,0.566171724,2.943557583
1,6,G3,3984,14402,9949,93,5556,30000,0.993583994,0.006416006,0.408566383,0.983536909,0.591433617,0.016463091,154.8602151
1,6,G5,3850,10734,17965,236,1065,30000,0.978486782,0.021513218,0.625979999,0.818601076,0.374020001,0.181398924,45.48305085
1,6,H1,3324m,13659,9110,6044,1187,30000,0.693244684,0.306755316,0.400105406,0.164154335,0.599894594,0.835845665,2.259927201
1,6,H2,3842,16085,7054,4446,2415,30000,0.783449418,0.216550582,0.304853278,0.351989506,0.695146722,0.648010494,3.617858749
1,6,H3,b,458,1503,17,22,2000,0.964210526,0.035789474,0.766445691,0.564102564,0.233554309,0.435897436,26.94117647
1,6,H4,3822,5391,5775,12631,6203,30000,0.299134391,0.700865609,0.517195056,0.329351173,0.482804944,0.670648827,0.426807062
1,6,H6,3973,13116,7144,7643,2097,30000,0.631822342,0.368177658,0.352615992,0.215297741,0.647384008,0.784702259,1.716080073
2,6,A1,3905,2197,12687,10037,5079,30000,0.179581494,0.820418506,0.85239183,0.336001588,0.14760817,0.663998412,0.218890107
2,6,A3,3822,2211,25573,693,1523,30000,0.761363636,0.238636364,0.920421826,0.687274368,0.079578174,0.312725632,3.19047619
2,6,A5,3973,2351,3325,19637,4687,30000,0.106921957,0.893078043,0.585799859,0.192690347,0.414200141,0.807309653,0.119722972
2,6,A6,3852,2458,16576,12,10954,30000,0.9951417,0.0048583,0.870862667,0.998905709,0.129137333,0.001094291,204.8333333
2,6,B2,3821,3680,5198,14440,6682,30000,0.203090508,0.796909492,0.585492228,0.316352618,0.414507772,0.683647382,0.254847645
2,6,B4,3920,1211,3036,30,25723,30000,0.975825947,0.024174053,0.714857547,0.998835087,0.285142453,0.001164913,40.36666667
2,6,B6,3842,2711,23850,1128,2311,30000,0.706173483,0.293826517,0.89793306,0.671997674,0.10206694,0.328002326,2.403368794
2,6,C1,3911,1306,2321,22750,3623,30000,0.05428999,0.94571001,0.639922801,0.137375346,0.360077199,0.862624654,0.057406593
2,6,C3,3824,2006,2951,18892,6151,30000,0.095990047,0.904009953,0.59531975,0.245617538,0.40468025,0.754382462,0.106182511
2,6,C5,3984,4537,6848,603,18012,30000,0.882684825,0.117315175,0.601493193,0.967606769,0.398506807,0.032393231,7.524046434
2,6,D2,3324a,927,1632,14515,12926,30000,0.060031084,0.939968916,0.637749121,0.471046974,0.362250879,0.528953026,0.063864967
2,6,D3,b,556,1339,2,103,2000,0.996415771,0.003584229,0.706596306,0.980952381,0.293403694,0.019047619,278
2,6,D4,3911,8651,7667,9555,4127,30000,0.47517302,0.52482698,0.469849246,0.301637188,0.530150754,0.698362812,0.905389848
2,6,D6,3824,3433,6226,15145,5196,30000,0.184788459,0.815211541,0.644580184,0.255444668,0.355419816,0.744555332,0.22667547
2,6,E1,3920,4568,19613,42,5777,30000,0.990889371,0.009110629,0.811091353,0.992782265,0.188908647,0.007217735,108.7619048
2,6,E3,3842,1859,12800,2470,12871,30000,0.429429429,0.570570571,0.87318371,0.838993547,0.12681629,0.161006453,0.752631579
2,6,E5,3324m,2113,9222,6629,12036,30000,0.241706703,0.758293297,0.813586237,0.64484329,0.186413763,0.35515671,0.318750943
2,6,F2,3324m,3224,22476,1591,2709,30000,0.669574247,0.330425753,0.874552529,0.63,0.125447471,0.37,2.026398492
2,6,F4,3905,4847,5939,14098,5116,30000,0.25584587,0.74415413,0.550621176,0.266264182,0.449378824,0.733735818,0.343807632
2,6,F6,3822,2307,16826,4424,6443,30000,0.342742535,0.657257465,0.879422986,0.592895923,0.120577014,0.407104077,0.521473779
2,6,G1,3973,7568,7580,11832,3020,30000,0.390103093,0.609896907,0.500396092,0.203339618,0.499603908,0.796660382,0.639621366
2,6,G3,3850,13616,16175,44,165,30000,0.996778917,0.003221083,0.542949213,0.789473684,0.457050787,0.210526316,309.4545455
2,6,G5,3324a,1121,1475,15516,11888,30000,0.067379936,0.932620064,0.568181818,0.433805284,0.431818182,0.566194716,0.072248002
2,6,H1,3850,15139,14683,19,159,30000,0.998746536,0.001253464,0.492354638,0.893258427,0.507645362,0.106741573,796.7894737
2,6,H2,3984,3133,19883,861,6123,30000,0.78442664,0.21557336,0.863877303,0.876718213,0.136122697,0.123281787,3.638792102
2,6,H3,b,773,638,14,575,2000,0.982210928,0.017789072,0.452161588,0.9762309,0.547838412,0.0237691,55.21428571
2,6,H4,3852,9302,4814,170,15714,30000,0.982052365,0.017947635,0.341031454,0.989297406,0.658968546,0.010702594,54.71764706
2,6,H6,3821,1519,9153,12726,6602,30000,0.106633907,0.893366093,0.857664918,0.341576987,0.142335082,0.658423013,0.119361936
3,6,A1,3822,16261,11172,1945,622,30000,0.893167088,0.106832912,0.407246747,0.242306194,0.592753253,0.757693806,8.360411311
3,6,A3,3973,2936,24183,1557,1324,30000,0.653460939,0.346539061,0.891736421,0.459562652,0.108263579,0.540437348,1.885677585
3,6,A5,3850,5038,4961,17125,2876,30000,0.227315797,0.772684203,0.496149615,0.14379281,0.503850385,0.85620719,0.294189781
3,6,A6,3821,3466,20111,3833,2590,30000,0.47485957,0.52514043,0.852992323,0.403238362,0.147007677,0.596761638,0.904252544
3,6,B2,3920,3292,24254,24,2430,30000,0.992762364,0.007237636,0.880490815,0.990220049,0.119509185,0.009779951,137.1666667
3,6,B4,3842,7014,7018,12569,3399,30000,0.358167799,0.641832201,0.500142531,0.212863226,0.499857469,0.787136774,0.558039621
3,6,B6,3920,12963,14631,61,2345,30000,0.995316339,0.004683661,0.530223962,0.974646717,0.469776038,0.025353283,212.5081967
3,6,C1,3824,9957,12276,6237,1530,30000,0.614857355,0.385142645,0.552152206,0.196987254,0.447847794,0.803012746,1.596440596
3,6,C3,3984,3337,24501,112,2050,30000,0.967526819,0.032473181,0.880127883,0.948196115,0.119872117,0.051803885,29.79464286
3,6,C5,3852,2360,24560,14,3066,30000,0.99410278,0.00589722,0.912332838,0.995454545,0.087667162,0.004545455,168.5714286
3,6,D2,3911,12596,10973,5124,1307,30000,0.710835214,0.289164786,0.46556918,0.203234334,0.53443082,0.796765666,2.458235753
3,6,D3,b,364,1513,103,20,2000,0.779443255,0.220556745,0.806073522,0.162601626,0.193926478,0.837398374,3.533980583
3,6,D4,3824,2429,24302,1915,1354,30000,0.559162063,0.440837937,0.90913172,0.414193943,0.09086828,0.585806057,1.268407311
3,6,D6,3973,2611,26523,202,664,30000,0.928190544,0.071809456,0.910379625,0.766743649,0.089620375,0.233256351,12.92574257
3,6,E1,3842,3140,11201,12472,3187,30000,0.201127338,0.798872662,0.781047347,0.203525129,0.218952653,0.796474871,0.251763951
3,6,E3,3324m,5719,6713,12338,5230,30000,0.316719278,0.683280722,0.539977477,0.297700364,0.460022523,0.702299636,0.463527314
3,6,E5,3905,4416,6168,14378,5038,30000,0.234968607,0.765031393,0.58276644,0.25947672,0.41723356,0.74052328,0.307135902
3,6,F2,3905,14881,16841,9058,3829,44609,0.621621622,0.378378378,0.530893386,0.29712113,0.469106614,0.70287887,1.642857143
3,6,F4,3822,4490,24389,384,737,30000,0.921214608,0.078785392,0.844523702,0.657448707,0.155476298,0.342551293,11.69270833
3,6,F6,3984,2551,26503,22,924,30000,0.99144967,0.00855033,0.912197976,0.976744186,0.087802024,0.023255814,115.9545455
3,6,G1,3850,18733,11189,35,43,30000,0.998135124,0.001864876,0.373938908,0.551282051,0.626061092,0.448717949,535.2285714
3,6,G3,3324a,723,1691,15890,11696,30000,0.043520135,0.956479865,0.7004971,0.42398318,0.2995029,0.57601682,0.045500315
3,6,G5,3911,11343,13424,3916,1317,30000,0.743364572,0.256635428,0.542011548,0.251672081,0.457988452,0.748327919,2.896578141
3,6,H1,3324a,1361,1928,13416,13295,30000,0.092102592,0.907897408,0.586196412,0.497735016,0.413803588,0.502264984,0.101446035
3,6,H2,3852,18228,7490,53,4229,30000,0.997100815,0.002899185,0.29123571,0.987622606,0.70876429,0.012377394,343.9245283
3,6,H3,b,408,1529,19,44,2000,0.955503513,0.044496487,0.789364997,0.698412698,0.210635003,0.301587302,21.47368421
3,6,H4,3821,3686,21980,2636,1698,30000,0.583043341,0.416956659,0.85638588,0.391785879,0.14361412,0.608214121,1.398330804
3,6,H6,3324m,5308,4742,15589,4361,30000,0.254007752,0.745992248,0.471840796,0.218596491,0.528159204,0.781403509,0.340496504
1,7,A1,3324a,419,1691,15311,12579,30000,0.026636999,0.973363001,0.801421801,0.451021872,0.198578199,0.548978128,0.027365946
1,7,A3,3911,11085,16814,1089,1012,30000,0.910547068,0.089452932,0.602673931,0.481675393,0.397326069,0.518324607,10.17906336
1,7,A5,3824,3346,23522,940,2192,30000,0.780681288,0.219318712,0.875465237,0.699872286,0.124534763,0.300127714,3.559574468
1,7,A6,3984,8460,12472,199,8869,30000,0.977018131,0.022981869,0.59583413,0.978054698,0.40416587,0.021945302,42.51256281
1,7,B2,3905,2515,11297,10785,5403,30000,0.189097744,0.810902256,0.817911961,0.333765752,0.182088039,0.666234248,0.233194251
1,7,B4,3324m,20313,120836,9224,12557,162930,0.687713715,0.312286285,0.856088247,0.576511639,0.143911753,0.423488361,2.202189939
1,7,B6,3842,6142,11569,9560,2729,30000,0.391160362,0.608839638,0.65320987,0.222068517,0.34679013,0.777931483,0.642468619
1,7,C1,3821,11154,10453,5245,3148,30000,0.680163425,0.319836575,0.483778405,0.375074467,0.516221595,0.624925533,2.126596759
1,7,C3,3920,6285,16101,143,7471,30000,0.977753578,0.022246422,0.71924417,0.981218807,0.28075583,0.018781193,43.95104895
1,7,C5,3905,12311,8082,7921,1686,30000,0.608491499,0.391508501,0.39631246,0.175497033,0.60368754,0.824502967,1.554222952
1,7,D2,3852,2809,18201,79,8911,30000,0.972645429,0.027354571,0.866301761,0.991212458,0.133698239,0.008787542,35.55696203
1,7,D3,b,322,1412,163,103,2000,0.663917526,0.336082474,0.814302191,0.387218045,0.185697809,0.612781955,1.975460123
1,7,D4,3324a,661,1736,14704,12899,30000,0.04301985,0.95698015,0.724238632,0.467304279,0.275761368,0.532695721,0.044953754
1,7,D6,3911,17537,9883,1736,844,30000,0.909925803,0.090074197,0.360430343,0.327131783,0.639569657,0.672868217,10.10195853
1,7,E1,3822,11611,11248,3634,3507,30000,0.761626763,0.238373237,0.49206002,0.491107688,0.50793998,0.508892312,3.195101816
1,7,E3,3973,3328,19860,3217,3595,30000,0.508479756,0.491520244,0.856477488,0.527745156,0.143522512,0.472254844,1.034504196
1,7,E5,3852,12736,12269,193,4802,30000,0.985072318,0.014927682,0.490661868,0.961361361,0.509338132,0.038638639,65.98963731
1,7,F2,3850,39929,55681,11,772,96393,0.999724587,0.000275413,0.58237632,0.985951469,0.41762368,0.014048531,3629.909091
1,7,F4,3821,9188,6348,11769,2695,30000,0.43842153,0.56157847,0.408599382,0.186324668,0.591400618,0.813675332,0.780695046
1,7,F6,3920,4666,10518,266,14550,30000,0.946066504,0.053933496,0.692702845,0.982046436,0.307297155,0.017953564,17.54135338
1,7,G1,3824,4127,22247,1867,1759,30000,0.688521855,0.311478145,0.843520133,0.485107557,0.156479867,0.514892443,2.210498125
1,7,G3,3984,13047,12785,203,3965,30000,0.984679245,0.015320755,0.494928771,0.951295585,0.505071229,0.048704415,64.27093596
1,7,G5,3850,9823,19823,22,332,30000,0.997765363,0.002234637,0.668656817,0.937853107,0.331343183,0.062146893,446.5
1,7,H1,3324m,3698,3310,20709,2283,30000,0.15151391,0.84848609,0.472317352,0.099295407,0.527682648,0.900704593,0.178569704
1,7,H2,3842,17134,6256,4718,1892,30000,0.784092989,0.215907011,0.267464729,0.28623298,0.732535271,0.71376702,3.631623569
1,7,H3,b,753,940,244,63,2000,0.755265797,0.244734203,0.555227407,0.205211726,0.444772593,0.794788274,3.086065574
1,7,H4,3822,7256,6773,11829,4142,30000,0.38019387,0.61980613,0.482785658,0.259345063,0.517214342,0.740654937,0.613407727
1,7,H6,3973,14015,8049,5514,2422,30000,0.717650673,0.282349327,0.364802393,0.305191532,0.635197607,0.694808468,2.541712006
2,7,A1,3905,1508,7284,17265,3943,30000,0.080328131,0.919671869,0.828480437,0.185920407,0.171519563,0.814079593,0.087344338
2,7,A3,3822,2460,20419,4483,2638,30000,0.354313697,0.645686303,0.892477818,0.370453588,0.107522182,0.629546412,0.548739683
2,7,A5,3973,3377,26528,15,80,30000,0.99557783,0.00442217,0.88707574,0.842105263,0.11292426,0.157894737,225.1333333
2,7,A6,3852,1814,14569,5,13612,30000,0.997251237,0.002748763,0.889275468,0.999632812,0.110724532,0.000367188,362.8
2,7,B2,3821,7189,5529,14733,2549,30000,0.327935407,0.672064593,0.434738166,0.147494503,0.565261834,0.852505497,0.487952216
2,7,B4,3920,3481,5419,101,20999,30000,0.971803462,0.028196538,0.608876404,0.99521327,0.391123596,0.00478673,34.46534653
2,7,B6,3842,2816,23595,1700,1889,30000,0.623560673,0.376439327,0.893377759,0.526330454,0.106622241,0.473669546,1.656470588
2,7,C1,3911,3147,23183,1951,1719,30000,0.617300902,0.382699098,0.880478542,0.468392371,0.119521458,0.531607629,1.613018965
2,7,C3,3824,9468,9327,9339,1866,30000,0.503429574,0.496570426,0.496249002,0.166532798,0.503750998,0.833467202,1.013813042
2,7,C5,3984,6894,4564,617,17925,30000,0.917853814,0.082146186,0.398324315,0.966724194,0.601675685,0.033275806,11.17341977
2,7,D2,3324a,494,655,505,968,2622,0.494494494,0.505505506,0.570060923,0.657162254,0.429939077,0.342837746,0.978217822
2,7,D3,b,364,1294,2,340,2000,0.994535519,0.005464481,0.780458384,0.994152047,0.219541616,0.005847953,182
2,7,D4,3911,2548,2817,21012,3623,30000,0.108149406,0.891850594,0.525069897,0.147067181,0.474930103,0.852932819,0.12126404
2,7,D6,3824,2148,4483,19205,4164,30000,0.100594764,0.899405236,0.676066958,0.178184775,0.323933042,0.821815225,0.111845873
2,7,E1,3920,3381,11320,64,15235,30000,0.981422351,0.018577649,0.770015645,0.99581672,0.229984355,0.00418328,52.828125
2,7,E3,3842,2248,21216,1575,4961,30000,0.58801988,0.41198012,0.904193658,0.759026928,0.095806342,0.240973072,1.427301587
2,7,E5,3324m,2598,18632,3624,5146,30000,0.417550627,0.582449373,0.877626001,0.58677309,0.122373999,0.41322691,0.716887417
2,7,F2,3324m,2441,15124,8569,3866,30000,0.221707539,0.778292461,0.861030458,0.310896663,0.138969542,0.689103337,0.284864045
2,7,F4,3905,5424,6877,15005,2694,30000,0.265504919,0.734495081,0.559060239,0.152211989,0.440939761,0.847788011,0.361479507
2,7,F6,3822,1889,12201,8683,7227,30000,0.178679531,0.821320469,0.865933286,0.454242615,0.134066714,0.545757385,0.217551537
2,7,G1,3973,5859,6676,14483,2982,30000,0.288024776,0.711975224,0.532588751,0.170741483,0.467411249,0.829258517,0.404543258
2,7,G3,3850,13266,16552,11,171,30000,0.9991715,0.0008285,0.555100946,0.93956044,0.444899054,0.06043956,1206
2,7,G5,3324a,1211,1495,14037,13257,30000,0.079420252,0.920579748,0.552475979,0.485711145,0.447524021,0.514288855,0.086271995
2,7,H1,3850,14352,14980,378,290,30000,0.974338086,0.025661914,0.510705032,0.434131737,0.489294968,0.565868263,37.96825397
2,7,H2,3984,2786,20044,1269,5901,30000,0.687053021,0.312946979,0.877967587,0.823012552,0.122032413,0.176987448,2.195429472
2,7,H3,b,507,1402,5,86,2000,0.990234375,0.009765625,0.734415925,0.945054945,0.265584075,0.054945055,101.4
2,7,H4,3852,7922,4329,239,17510,30000,0.970714373,0.029285627,0.353358909,0.986534453,0.646641091,0.013465547,33.14644351
2,7,H6,3821,2326,18215,6031,3428,30000,0.278329544,0.721670456,0.886763059,0.362406174,0.113236941,0.637593826,0.385674018
3,7,A1,3822,6273,5065,16630,2032,30000,0.27389425,0.72610575,0.446727818,0.108884364,0.553272182,0.891115636,0.377209862
3,7,A3,3973,1084,6181,19819,2916,30000,0.051858585,0.948141415,0.850791466,0.128260391,0.149208534,0.871739609,0.05469499
3,7,A5,3850,2602,27207,14,177,30000,0.994648318,0.005351682,0.912710926,0.926701571,0.087289074,0.073298429,185.8571429
3,7,A6,3821,2626,20692,3585,3097,30000,0.422798261,0.577201739,0.887383137,0.463483987,0.112616863,0.536516013,0.732496513
3,7,B2,3920,1808,7521,49,20622,30000,0.973613355,0.026386645,0.806195734,0.997629529,0.193804266,0.002370471,36.89795918
3,7,B4,3842,4560,5224,16797,3419,30000,0.213513134,0.786486866,0.533932952,0.169123467,0.466067048,0.830876533,0.271477049
3,7,B6,3920,8805,13087,227,7881,30000,0.974867139,0.025132861,0.597798282,0.97200296,0.402201718,0.02799704,38.78854626
3,7,C1,3824,2062,2307,23560,2071,30000,0.080477714,0.919522286,0.528038453,0.080800593,0.471961547,0.919199407,0.087521222
3,7,C3,3984,3381,21502,58,5059,30000,0.983134632,0.016865368,0.864124101,0.988665234,0.135875899,0.011334766,58.29310345
3,7,C5,3852,1176,7839,165,20820,30000,0.876957494,0.123042506,0.869550749,0.992137241,0.130449251,0.007862759,7.127272727
3,7,D2,3911,3652,3940,19990,2418,30000,0.154470857,0.845529143,0.518967334,0.10790789,0.481032666,0.89209211,0.182691346
3,7,D3,b,460,617,419,504,2000,0.523321957,0.476678043,0.572887651,0.546045504,0.427112349,0.453954496,1.097852029
3,7,D4,3824,1437,13918,10792,3853,30000,0.117507564,0.882492436,0.906414849,0.263093206,0.093585151,0.736906794,0.133154188
3,7,D6,3973,2463,25074,637,1826,30000,0.794516129,0.205483871,0.910556706,0.74137231,0.089443294,0.25862769,3.866562009
3,7,E1,3842,1441,6698,18481,3380,30000,0.072332095,0.927667905,0.822951223,0.154613238,0.177048777,0.845386762,0.077971971
3,7,E3,3324m,2053,3149,19723,5075,30000,0.094278104,0.905721896,0.605344098,0.204653601,0.394655902,0.795346399,0.10409167
3,7,E5,3905,4362,5013,17039,3586,30000,0.203822251,0.796177749,0.53472,0.173866667,0.46528,0.826133333,0.256000939
3,7,F2,3905,4918,6361,14742,3979,30000,0.250152594,0.749847406,0.563968437,0.212542065,0.436031563,0.787457935,0.333604667
3,7,F4,3822,2922,16895,6412,3771,30000,0.313049068,0.686950932,0.85255084,0.370323087,0.14744916,0.629676913,0.455708047
3,7,F6,3984,2209,22480,269,5042,30000,0.891444713,0.108555287,0.910526955,0.949350405,0.089473045,0.050649595,8.211895911
3,7,G1,3850,16763,12135,695,407,30000,0.960190171,0.039809829,0.419925254,0.369328494,0.580074746,0.630671506,24.11942446
3,7,G3,3324a,1140,2328,11784,14748,30000,0.088207985,0.911792015,0.671280277,0.555857078,0.328719723,0.444142922,0.096741344
3,7,G5,3911,2575,3847,21416,2162,30000,0.107331916,0.892668084,0.599034569,0.091695648,0.400965431,0.908304352,0.120237206
3,7,H1,3324a,1436,2362,11603,14599,30000,0.110131145,0.889868855,0.621906266,0.557171208,0.378093734,0.442828792,0.123761096
3,7,H2,3852,11212,6770,148,11870,30000,0.986971831,0.013028169,0.376487599,0.987685139,0.623512401,0.012314861,75.75675676
3,7,H3,b,317,1604,51,28,2000,0.861413043,0.138586957,0.83498178,0.35443038,0.16501822,0.64556962,6.215686275
3,7,H4,3821,3322,12742,12661,1275,30000,0.207845836,0.792154164,0.793202191,0.091489667,0.206797809,0.908510333,0.262380539
3,7,H6,3324m,3205,3300,20003,3492,30000,0.138098931,0.861901069,0.507302075,0.148627368,0.492697925,0.851372632,0.160225966
1,8,A1,3324a,470,1635,11738,16157,30000,0.038499345,0.961500655,0.77672209,0.579207743,0.22327791,0.420792257,0.040040893
1,8,A3,3911,2682,5373,18283,3662,30000,0.127927498,0.872072502,0.667039106,0.166871725,0.332960894,0.833128275,0.14669365
1,8,A5,3824,1711,7358,15784,5147,30000,0.097799371,0.902200629,0.811335318,0.245903206,0.188664682,0.754096794,0.108400912
1,8,A6,3984,1576,2302,1099,25023,30000,0.589158879,0.410841121,0.593604951,0.957928183,0.406395049,0.042071817,1.434030937
1,8,B2,3905,1854,8076,15182,4888,30000,0.108828363,0.891171637,0.813293051,0.243547583,0.186706949,0.756452417,0.122118298
1,8,B4,3324m,647,2641,23725,2987,30000,0.026546857,0.973453143,0.803223844,0.111822402,0.196776156,0.888177598,0.027270811
1,8,B6,3842,3487,7501,15720,3292,30000,0.181548394,0.818451606,0.682653804,0.173153798,0.317346196,0.826846202,0.221819338
1,8,C1,3821,590,704,26771,1935,30000,0.021563539,0.978436461,0.544049459,0.067407511,0.455950541,0.932592489,0.022038773
1,8,C3,3920,612,1950,149,27289,30000,0.804204993,0.195795007,0.761124122,0.994569575,0.238875878,0.005430425,4.10738255
1,8,C5,3905,1299,1528,25440,1733,30000,0.048580725,0.951419275,0.540502299,0.063776543,0.459497701,0.936223457,0.051061321
1,8,D2,3852,308,1620,82,27990,30000,0.78974359,0.21025641,0.840248963,0.99707894,0.159751037,0.00292106,3.756097561
1,8,D3,b,1290,356,14,340,2000,0.989263804,0.010736196,0.216281896,0.960451977,0.783718104,0.039548023,92.14285714
1,8,D4,3324a,950,1838,12685,14527,30000,0.069673634,0.930326366,0.659253945,0.533845362,0.340746055,0.466154638,0.074891604
1,8,D6,3911,5333,3992,18826,1849,30000,0.220745892,0.779254108,0.428096515,0.089431681,0.571903485,0.910568319,0.283278445
1,8,E1,3822,12358,4360,9611,3671,30000,0.562519914,0.437480086,0.260796746,0.276389098,0.739203254,0.723610902,1.285818333
1,8,E3,3973,610,1893,22303,5194,30000,0.026622441,0.973377559,0.756292449,0.188893334,0.243707551,0.811106666,0.027350581
1,8,E5,3852,1711,1921,191,26177,30000,0.89957939,0.10042061,0.528909692,0.992756371,0.471090308,0.007243629,8.958115183
1,8,F2,3850,10941,18594,169,296,30000,0.984788479,0.015211521,0.629558151,0.63655914,0.370441849,0.36344086,64.73964497
1,8,F4,3821,3488,2957,20888,2667,30000,0.143091565,0.856908435,0.458805275,0.113224368,0.541194725,0.886775632,0.166985829
1,8,F6,3920,540,1677,193,27590,30000,0.736698499,0.263301501,0.756427605,0.993053306,0.243572395,0.006946694,2.797927461
1,8,G1,3824,1542,6649,17590,4219,30000,0.080597951,0.919402049,0.811744598,0.193452244,0.188255402,0.806547756,0.087663445
1,8,G3,3984,5127,4424,1245,19204,30000,0.804613936,0.195386064,0.463197571,0.939116827,0.536802429,0.060883173,4.118072289
1,8,G5,3850,6742,20220,1804,1234,30000,0.788907091,0.211092909,0.749944366,0.406188282,0.250055634,0.593811718,3.737250554
1,8,H1,3324m,3283,2699,22273,1745,30000,0.128462983,0.871537017,0.451186894,0.072653843,0.548813106,0.927346157,0.147398195
1,8,H2,3842,3738,1499,22647,2116,30000,0.141671404,0.858328596,0.286232576,0.085450067,0.713767424,0.914549933,0.165054974
1,8,H3,b,1266,698,5,31,2000,0.99606609,0.00393391,0.355397149,0.861111111,0.644602851,0.138888889,253.2
1,8,H4,3822,30000,30000,30000,4903,94903,0.5,0.5,0.5,0.140475031,0.5,0.859524969,1
1,8,H6,3973,1570,1378,24516,2536,30000,0.06018554,0.93981446,0.46743555,0.093745379,0.53256445,0.906254621,0.064039811
2,8,A1,3905,723,1599,25667,2011,30000,0.027396741,0.972603259,0.688630491,0.072656984,0.311369509,0.927343016,0.028168465
2,8,A3,3822,1339,6069,18678,3914,30000,0.066893141,0.933106859,0.81924946,0.173247167,0.18075054,0.826752833,0.071688618
2,8,A5,3973,3708,5445,18191,2656,30000,0.1693228,0.8306772,0.594886922,0.127404423,0.405113078,0.872595577,0.203837062
2,8,A6,3852,856,4979,293,23872,30000,0.744995648,0.255004352,0.853299057,0.987875026,0.146700943,0.012124974,2.921501706
2,8,B2,3821,2459,2499,22889,2153,30000,0.097009626,0.902990374,0.504033885,0.085975561,0.495966115,0.914024439,0.107431517
2,8,B4,3920,3840,5912,209,20039,30000,0.948382317,0.051617683,0.606234619,0.989677993,0.393765381,0.010322007,18.37320574
2,8,B6,3842,1327,12004,14821,1848,30000,0.082177359,0.917822641,0.90045758,0.110864479,0.09954242,0.889135521,0.089535119
2,8,C1,3911,2006,8513,16422,3059,30000,0.108856089,0.891143911,0.809297462,0.157024793,0.190702538,0.842975207,0.122153209
2,8,C3,3824,1137,1668,24499,2696,30000,0.044351693,0.955648307,0.594652406,0.099135871,0.405347594,0.900864129,0.046410058
2,8,C5,3984,3902,5400,1759,18939,30000,0.689277513,0.310722487,0.580520318,0.915015944,0.419479682,0.084984056,2.218305856
2,8,D3,b,825,1061,105,9,2000,0.887096774,0.112903226,0.562566278,0.078947368,0.437433722,0.921052632,7.857142857
2,8,D4,3911,4336,4573,18037,3054,30000,0.193805033,0.806194967,0.513301156,0.1448011,0.486698844,0.8551989,0.240394744
2,8,D6,3824,1490,2634,23174,2702,30000,0.060411936,0.939588064,0.638700291,0.104421085,0.361299709,0.895578915,0.064296194
2,8,E1,3920,1042,4544,54,24360,30000,0.950729927,0.049270073,0.813462227,0.997788154,0.186537773,0.002211846,19.2962963
2,8,E3,3842,2288,14621,5869,7222,30000,0.28049528,0.71950472,0.864687445,0.551676724,0.135312555,0.448323276,0.389844948
2,8,E5,3324m,2046,16385,8024,3545,30000,0.203177756,0.796822244,0.888991373,0.306422336,0.111008627,0.693577664,0.254985045
2,8,F2,3324m,594,2435,24591,2380,30000,0.023585468,0.976414532,0.803895675,0.088242928,0.196104325,0.911757072,0.024155179
2,8,F4,3905,9732,14339,4645,1284,30000,0.676914516,0.323085484,0.595696066,0.216562658,0.404303934,0.783437342,2.095156082
2,8,F6,3822,1701,15381,9870,3048,30000,0.147005445,0.852994555,0.900421496,0.235949837,0.099578504,0.764050163,0.172340426
2,8,G1,3973,1307,1985,24093,2615,30000,0.051456693,0.948543307,0.602976914,0.097910738,0.397023086,0.902089262,0.054248122
2,8,G3,3850,11848,17080,31,1041,30000,0.997390353,0.002609647,0.590431416,0.97108209,0.409568584,0.02891791,382.1935484
2,8,G5,3324a,1126,2042,12604,14228,30000,0.082010197,0.917989803,0.644570707,0.530262373,0.355429293,0.469737627,0.089336719
2,8,H1,3850,12701,17028,25,246,30000,0.998035518,0.001964482,0.572774059,0.907749077,0.427225941,0.092250923,508.04
2,8,H2,3984,1445,8500,4645,15410,30000,0.23727422,0.76272578,0.854700855,0.768386936,0.145299145,0.231613064,0.311087191
2,8,H3,b,408,1257,292,43,2000,0.582857143,0.417142857,0.754954955,0.128358209,0.245045045,0.871641791,1.397260274
2,8,H4,3852,2635,1727,173,25465,30000,0.938390313,0.061609687,0.395919303,0.993252204,0.604080697,0.006747796,15.23121387
2,8,H6,3821,1226,8732,17369,2673,30000,0.065931702,0.934068298,0.876882908,0.133369923,0.123117092,0.866630077,0.070585526
3,8,A1,3822,2359,2219,23964,1458,30000,0.089617445,0.910382555,0.48470948,0.0573519,0.51529052,0.9426481,0.098439326
3,8,A3,3973,1017,3432,23345,2206,30000,0.041745341,0.958254659,0.771409305,0.08633713,0.228590695,0.91366287,0.043563932
3,8,A5,3850,2994,26583,187,236,30000,0.941213455,0.058786545,0.898772695,0.557919622,0.101227305,0.442080378,16.01069519
3,8,A6,3821,2339,12798,11660,3203,30000,0.167083363,0.832916637,0.845477968,0.215501581,0.154522032,0.784498419,0.200600343
3,8,B2,3920,640,3687,122,25551,30000,0.839895013,0.160104987,0.852091518,0.995247926,0.147908482,0.004752074,5.245901639
3,8,B4,3842,5377,5881,15411,3331,30000,0.258658842,0.741341158,0.522384082,0.177729164,0.477615918,0.822270836,0.348906625
3,8,B6,3920,1477,1790,71,26662,30000,0.954134367,0.045865633,0.547903275,0.997344107,0.452096725,0.002655893,20.8028169
3,8,C1,3824,2464,2532,23126,1878,30000,0.096287612,0.903712388,0.506805444,0.075107983,0.493194556,0.924892017,0.106546744
3,8,C3,3984,2572,16474,447,10507,30000,0.851937728,0.148062272,0.864958521,0.959192989,0.135041479,0.040807011,5.753914989
3,8,C5,3852,1157,7922,111,20810,30000,0.912460568,0.087539432,0.872563058,0.994694326,0.127436942,0.005305674,10.42342342
3,8,D2,3911,3449,2967,21027,2557,30000,0.140913548,0.859086452,0.462437656,0.108420963,0.537562344,0.891579037,0.164027203
3,8,D3,b,514,495,910,81,2000,0.360955056,0.639044944,0.490584737,0.081735621,0.509415263,0.918264379,0.564835165
3,8,D4,3824,1160,7559,18696,2585,30000,0.058420629,0.941579371,0.86695722,0.121469856,0.13304278,0.878530144,0.062045357
3,8,D6,3973,2767,17972,6510,2751,30000,0.298264525,0.701735475,0.866579874,0.297052154,0.133420126,0.702947846,0.425038402
3,8,E1,3842,1083,3823,22353,2741,30000,0.046210958,0.953789042,0.779249898,0.109229298,0.220750102,0.890770702,0.048449873
3,8,E3,3324m,1968,2931,20908,4193,30000,0.086029026,0.913970974,0.598285364,0.167045138,0.401714636,0.832954862,0.09412665
3,8,E5,3905,1485,2426,22584,3505,30000,0.061697619,0.938302381,0.620301713,0.134347809,0.379698287,0.865652191,0.065754516
3,8,F2,3905,3031,3792,19480,3697,30000,0.134645285,0.865354715,0.555767258,0.159511585,0.444232742,0.840488415,0.155595483
3,8,F4,3822,1290,7777,17837,3096,30000,0.067443927,0.932556073,0.857725819,0.147900444,0.142274181,0.852099556,0.072321579
3,8,F6,3984,862,5665,1643,21830,30000,0.344111776,0.655888224,0.867933201,0.930004686,0.132066799,0.069995314,0.52465003
3,8,G1,3850,10800,11284,2894,5022,30000,0.788666569,0.211333431,0.51095816,0.634411319,0.48904184,0.365588681,3.731859019
3,8,G3,3324a,723,2112,13161,14004,30000,0.05207433,0.94792567,0.744973545,0.515516289,0.255026455,0.484483711,0.054935035
3,8,G5,3911,3138,4134,19555,3173,30000,0.138280527,0.861719473,0.568481848,0.139607533,0.431518152,0.860392467,0.160470468
3,8,H1,3324a,1748,2519,10272,15461,30000,0.145424293,0.854575707,0.590344504,0.600823845,0.409655496,0.399176155,0.17017134
3,8,H2,3852,3971,2885,255,22889,30000,0.939659252,0.060340748,0.4207993,0.988982026,0.5792007,0.011017974,15.57254902
3,8,H3,b,605,766,497,132,2000,0.549001815,0.450998185,0.558716265,0.209856916,0.441283735,0.790143084,1.217303823
3,8,H4,3821,955,2979,23888,2178,30000,0.038441412,0.961558588,0.757244535,0.083557124,0.242755465,0.916442876,0.039978232
3,8,H6,3324m,5059,3974,17497,3470,30000,0.224286221,0.775713779,0.439942433,0.165498164,0.560057567,0.834501836,0.28913528
1,9,A1,3324a,556,1461,11811,16172,30000,0.044958357,0.955041643,0.724343084,0.57792231,0.275656916,0.42207769,0.047074761
1,9,A3,3911,3190,5314,19085,2411,30000,0.143209877,0.856790123,0.624882408,0.112160402,0.375117592,0.887839598,0.167146974
1,9,A5,3824,338,872,27082,1708,30000,0.012326769,0.987673231,0.720661157,0.059326155,0.279338843,0.940673845,0.012480614
1,9,A6,3984,1671,1606,2671,24052,30000,0.384845693,0.615154307,0.490082392,0.900048647,0.509917608,0.099951353,0.625608386
1,9,B2,3905,1634,1991,23924,2451,30000,0.063933015,0.936066985,0.549241379,0.09292891,0.450758621,0.90707109,0.068299615
1,9,B4,3324m,1488,3519,22346,2647,30000,0.06243182,0.93756818,0.702816058,0.105909655,0.297183942,0.894090345,0.066589099
1,9,B6,3842,1335,1639,24913,2113,30000,0.050861018,0.949138982,0.551109617,0.078183971,0.448890383,0.921816029,0.053586481
1,9,C1,3821,982,846,26068,2104,30000,0.036303142,0.963696858,0.462800875,0.074684083,0.537199125,0.925315917,0.037670707
1,9,C3,3920,275,1164,208,28353,30000,0.569358178,0.430641822,0.808895066,0.992717342,0.191104934,0.007282658,1.322115385
1,9,C5,3905,3304,2874,22089,1733,30000,0.130114599,0.869885401,0.465199094,0.07274788,0.534800906,0.92725212,0.149576712
1,9,D2,3852,3420,17077,206,9297,30000,0.943188086,0.056811914,0.833146314,0.978322635,0.166853686,0.021677365,16.60194175
1,9,D3,b,1903,59,35,3,2000,0.981940144,0.018059856,0.030071356,0.078947368,0.969928644,0.921052632,54.37142857
1,9,D4,3324a,1283,1635,12633,14449,30000,0.092196033,0.907803967,0.560315284,0.533527804,0.439684716,0.466472196,0.101559408
1,9,D6,3911,1389,893,26543,1175,30000,0.049727911,0.950272089,0.391323401,0.042391226,0.608676599,0.957608774,0.052330181
1,9,E1,3822,2283,2260,20215,5242,30000,0.101475687,0.898524313,0.497468633,0.205915858,0.502531367,0.794084142,0.112935939
1,9,E3,3973,854,1643,23348,4155,30000,0.03528634,0.96471366,0.657989588,0.151074428,0.342010412,0.848925572,0.036577009
1,9,E5,3852,821,933,34,28212,30000,0.960233918,0.039766082,0.531927024,0.99879629,0.468072976,0.00120371,24.14705882
1,9,F2,3850,10848,18040,727,385,30000,0.937192225,0.062807775,0.624480753,0.346223022,0.375519247,0.653776978,14.9215956
1,9,F4,3821,2698,2030,23510,1762,30000,0.102945665,0.897054335,0.429357022,0.069721431,0.570642978,0.930278569,0.114759677
1,9,F6,3920,962,2187,266,26585,30000,0.783387622,0.216612378,0.694506192,0.990093479,0.305493808,0.009906521,3.616541353
1,9,G1,3824,533,959,26497,2011,30000,0.019718831,0.980281169,0.642761394,0.070541602,0.357238606,0.929458398,0.020115485
1,9,G3,3984,429,224,2942,26405,30000,0.12726194,0.87273806,0.343032159,0.899751252,0.656967841,0.100248748,0.145819171
1,9,G5,3850,6714,17742,639,4905,30000,0.913096695,0.086903305,0.725466143,0.88474026,0.274533857,0.11525974,10.50704225
1,9,H1,3324m,3835,2674,21194,2297,30000,0.153222262,0.846777738,0.410815794,0.097782129,0.589184206,0.902217871,0.180947438
1,9,H2,3842,1372,1072,25525,2031,30000,0.051009406,0.948990594,0.438625205,0.073704456,0.561374795,0.926295544,0.053751224
1,9,H3,b,495,630,707,168,2000,0.411813644,0.588186356,0.56,0.192,0.44,0.808,0.700141443
1,9,H4,3822,1864,1781,23681,2674,30000,0.07296927,0.92703073,0.48861454,0.101460823,0.51138546,0.898539177,0.078712892
1,9,H6,3973,1216,986,25782,2016,30000,0.045040373,0.954959627,0.44777475,0.072523203,0.55222525,0.927476797,0.047164689
2,9,A1,3905,797,2193,24671,2339,30000,0.031294173,0.968705827,0.733444816,0.086597556,0.266555184,0.913402444,0.032305136
2,9,A3,3822,1433,3471,21333,3763,30000,0.062944742,0.937055258,0.70778956,0.149944214,0.29221044,0.850055786,0.067172925
2,9,A5,3973,1451,2620,23157,2772,30000,0.058964564,0.941035436,0.643576517,0.106907324,0.356423483,0.893092676,0.062659239
2,9,A6,3852,565,3618,181,25636,30000,0.757372654,0.242627346,0.864929476,0.992989116,0.135070524,0.007010884,3.121546961
2,9,B2,3821,1228,1444,25437,1891,30000,0.046052878,0.953947122,0.540419162,0.069196429,0.459580838,0.930803571,0.048276133
2,9,B4,3920,2503,3925,139,23433,30000,0.947388342,0.052611658,0.610609832,0.994103173,0.389390168,0.005896827,18.00719424
2,9,B6,3842,1040,6717,19827,2416,30000,0.049839459,0.950160541,0.865927549,0.108618442,0.134072451,0.891381558,0.052453725
2,9,C1,3911,1938,9926,14847,3289,30000,0.115460232,0.884539768,0.836648685,0.181352007,0.163351315,0.818647993,0.13053142
2,9,C3,3824,2095,2914,22704,2287,30000,0.084479213,0.915520787,0.581752845,0.091512945,0.418247155,0.908487055,0.092274489
2,9,C5,3984,2214,2884,2538,22364,30000,0.465909091,0.534090909,0.565712044,0.898080475,0.434287956,0.101919525,0.872340426
2,9,D2,3324a,1294,2877,10144,15685,30000,0.113131666,0.886868334,0.689762647,0.607263154,0.310237353,0.392736846,0.127563091
2,9,D3,b,337,878,734,51,2000,0.314659197,0.685340803,0.722633745,0.064968153,0.277366255,0.935031847,0.459128065
2,9,D4,3911,4558,5110,17735,2597,30000,0.204458799,0.795541201,0.528547787,0.127729687,0.471452213,0.872270313,0.25700592
2,9,D6,3824,2891,5111,18862,3136,30000,0.132901209,0.867098791,0.638715321,0.142558414,0.361284679,0.857441586,0.153271127
2,9,E1,3920,910,3174,142,25774,30000,0.865019011,0.134980989,0.777179236,0.994520759,0.222820764,0.005479241,6.408450704
2,9,E3,3842,1324,9391,14116,5169,30000,0.085751295,0.914248705,0.876434904,0.268032149,0.123565096,0.731967851,0.093794276
2,9,E5,3324m,1567,9287,15780,3366,30000,0.090332622,0.909667378,0.855629261,0.175806957,0.144370739,0.824193043,0.099302915
2,9,F2,3324m,963,3427,23033,2577,30000,0.040131689,0.959868311,0.780637813,0.100624756,0.219362187,0.899375244,0.041809578
2,9,F4,3905,2549,3758,21421,2272,30000,0.10634126,0.89365874,0.595845886,0.095893302,0.404154114,0.904106698,0.118995378
2,9,F6,3822,1638,8412,16762,3188,30000,0.089021739,0.910978261,0.837014925,0.159799499,0.162985075,0.840200501,0.097721036
2,9,G1,3973,2213,3200,22339,2248,30000,0.090135223,0.909864777,0.591169407,0.091430431,0.408830593,0.908569569,0.099064416
2,9,G3,3850,6846,12094,476,10584,30000,0.93499044,0.06500956,0.638542767,0.956962025,0.361457233,0.043037975,14.38235294
2,9,G5,3324a,1221,2227,11381,15171,30000,0.096889383,0.903110617,0.645881671,0.571369388,0.354118329,0.428630612,0.10728407
2,9,H1,3850,12772,17064,8,156,30000,0.999374022,0.000625978,0.571926532,0.951219512,0.428073468,0.048780488,1596.5
2,9,H2,3984,1624,10879,4421,13076,30000,0.268651778,0.731348222,0.870111173,0.747328113,0.129888827,0.252671887,0.367337706
2,9,H3,b,458,914,580,48,2000,0.441233141,0.558766859,0.666180758,0.076433121,0.333819242,0.923566879,0.789655172
2,9,H4,3852,4069,2598,248,23085,30000,0.942552699,0.057447301,0.389680516,0.989371277,0.610319484,0.010628723,16.40725806
2,9,H6,3821,946,4401,21746,2907,30000,0.041688701,0.958311299,0.823078362,0.117916684,0.176921638,0.882083316,0.043502253